Date,S&P Index,CPI,Monthly Bond Returns,Monthly Bond Returns Index
1871.01,4.44,12.46,1.00,1.00
1871.02,4.50,12.84,1.00,1.01
1871.03,4.61,13.03,1.00,1.01
1871.04,4.74,12.56,1.00,1.02
1871.05,4.86,12.27,1.00,1.02
1871.06,4.82,12.08,1.00,1.03
1871.07,4.73,12.08,1.00,1.03
1871.08,4.79,11.89,1.00,1.03
1871.09,4.84,12.18,1.00,1.04
1871.1,4.59,12.37,1.00,1.04
1871.11,4.64,12.37,1.00,1.05
1871.12,4.74,12.65,1.00,1.05
1872.01,4.86,12.65,1.00,1.05
1872.02,4.88,12.65,1.00,1.06
1872.03,5.04,12.84,1.00,1.06
1872.04,5.18,13.13,1.00,1.06
1872.05,5.18,13.13,1.00,1.07
1872.06,5.13,13.03,1.00,1.07
1872.07,5.10,12.84,1.00,1.07
1872.08,5.04,12.94,1.00,1.08
1872.09,4.95,13.03,1.00,1.08
1872.1,4.97,12.75,1.00,1.08
1872.11,4.95,13.13,1.00,1.09
1872.12,5.07,12.94,1.00,1.09
1873.01,5.11,12.94,1.01,1.10
1873.02,5.15,13.23,1.01,1.10
1873.03,5.11,13.23,1.01,1.11
1873.04,5.04,13.23,1.01,1.12
1873.05,5.05,12.94,1.01,1.12
1873.06,4.98,12.56,1.01,1.13
1873.07,4.97,12.56,1.01,1.13
1873.08,4.97,12.56,1.01,1.14
1873.09,4.59,12.56,1.01,1.15
1873.1,4.19,12.27,1.01,1.15
1873.11,4.04,11.89,1.01,1.16
1873.12,4.42,12.18,1.01,1.16
1874.01,4.66,12.37,1.01,1.17
1874.02,4.80,12.37,1.01,1.18
1874.03,4.73,12.37,1.01,1.19
1874.04,4.60,12.18,1.01,1.20
1874.05,4.48,12.08,1.01,1.21
1874.06,4.46,11.80,1.01,1.21
1874.07,4.46,11.89,1.01,1.22
1874.08,4.47,11.80,1.01,1.23
1874.09,4.54,11.80,1.01,1.24
1874.1,4.53,11.61,1.01,1.25
1874.11,4.57,11.51,1.01,1.26
1874.12,4.54,11.51,1.01,1.26
1875.01,4.54,11.51,1.01,1.27
1875.02,4.53,11.51,1.01,1.28
1875.03,4.59,11.51,1.01,1.29
1875.04,4.65,11.61,1.01,1.30
1875.05,4.47,11.32,1.01,1.31
1875.06,4.38,11.13,1.01,1.32
1875.07,4.39,11.13,1.01,1.33
1875.08,4.41,11.23,1.01,1.34
1875.09,4.37,11.13,1.01,1.35
1875.1,4.30,11.13,1.01,1.36
1875.11,4.37,11.04,1.01,1.37
1875.12,4.37,10.94,1.01,1.38
1876.01,4.46,10.85,1.00,1.38
1876.02,4.52,10.85,1.00,1.39
1876.03,4.51,10.85,1.00,1.40
1876.04,4.34,10.75,1.00,1.40
1876.05,4.18,10.37,1.00,1.41
1876.06,4.15,10.09,1.00,1.42
1876.07,4.10,10.09,1.00,1.42
1876.08,3.93,10.18,1.00,1.43
1876.09,3.69,10.28,1.00,1.44
1876.1,3.67,10.47,1.00,1.44
1876.11,3.60,10.56,1.00,1.45
1876.12,3.58,10.75,1.00,1.46
1877.01,3.55,10.94,1.00,1.46
1877.02,3.34,10.66,1.00,1.47
1877.03,3.17,10.18,1.00,1.48
1877.04,2.94,10.47,1.00,1.48
1877.05,2.94,10.66,1.00,1.49
1877.06,2.73,10.09,1.00,1.50
1877.07,2.85,10.18,1.00,1.50
1877.08,3.05,9.80,1.00,1.51
1877.09,3.24,9.70,1.00,1.52
1877.1,3.31,9.70,1.00,1.52
1877.11,3.26,9.51,1.00,1.53
1877.12,3.25,9.51,1.00,1.54
1878.01,3.25,9.23,1.00,1.54
1878.02,3.18,9.13,1.00,1.55
1878.03,3.24,8.94,1.00,1.56
1878.04,3.33,8.85,1.00,1.56
1878.05,3.34,8.56,1.00,1.57
1878.06,3.41,8.37,1.00,1.58
1878.07,3.48,8.47,1.00,1.59
1878.08,3.45,8.56,1.00,1.59
1878.09,3.52,8.56,1.00,1.60
1878.1,3.48,8.47,1.00,1.61
1878.11,3.47,8.37,1.00,1.61
1878.12,3.45,8.18,1.00,1.62
1879.01,3.58,8.28,1.00,1.63
1879.02,3.71,8.37,1.00,1.64
1879.03,3.65,8.28,1.00,1.64
1879.04,3.77,8.18,1.00,1.65
1879.05,3.94,8.18,1.00,1.66
1879.06,3.96,8.09,1.00,1.67
1879.07,4.04,8.18,1.00,1.68
1879.08,4.07,8.18,1.00,1.68
1879.09,4.22,8.47,1.00,1.69
1879.1,4.68,8.94,1.00,1.70
1879.11,4.93,9.42,1.00,1.71
1879.12,4.92,9.70,1.00,1.72
1880.01,5.11,9.99,1.01,1.73
1880.02,5.20,9.99,1.01,1.73
1880.03,5.30,10.09,1.01,1.74
1880.04,5.18,9.70,1.01,1.75
1880.05,4.77,9.42,1.01,1.76
1880.06,4.79,9.23,1.01,1.77
1880.07,5.01,9.23,1.01,1.78
1880.08,5.19,9.23,1.01,1.79
1880.09,5.18,9.32,1.01,1.80
1880.1,5.33,9.32,1.01,1.81
1880.11,5.61,9.42,1.01,1.82
1880.12,5.84,9.51,1.01,1.83
1881.01,6.19,9.42,1.00,1.84
1881.02,6.17,9.51,1.00,1.84
1881.03,6.24,9.51,1.00,1.85
1881.04,6.22,9.61,1.00,1.86
1881.05,6.50,9.51,1.00,1.86
1881.06,6.58,9.51,1.00,1.87
1881.07,6.35,9.61,1.00,1.88
1881.08,6.20,9.80,1.00,1.88
1881.09,6.25,10.18,1.00,1.89
1881.1,6.15,10.28,1.00,1.90
1881.11,6.19,10.18,1.00,1.90
1881.12,6.01,10.18,1.00,1.91
1882.01,5.92,10.18,1.00,1.92
1882.02,5.79,10.28,1.00,1.92
1882.03,5.78,10.28,1.00,1.93
1882.04,5.78,10.37,1.00,1.93
1882.05,5.71,10.47,1.00,1.94
1882.06,5.68,10.56,1.00,1.95
1882.07,6.00,10.47,1.00,1.95
1882.08,6.18,10.56,1.00,1.96
1882.09,6.24,10.28,1.00,1.96
1882.1,6.07,10.18,1.00,1.97
1882.11,5.81,10.09,1.00,1.97
1882.12,5.84,9.99,1.00,1.98
1883.01,5.81,9.99,1.00,1.99
1883.02,5.68,10.09,1.00,1.99
1883.03,5.75,9.99,1.00,2.00
1883.04,5.87,9.90,1.00,2.00
1883.05,5.77,9.80,1.00,2.01
1883.06,5.82,9.51,1.00,2.02
1883.07,5.73,9.32,1.00,2.02
1883.08,5.47,9.32,1.00,2.03
1883.09,5.53,9.23,1.00,2.04
1883.1,5.38,9.23,1.00,2.04
1883.11,5.46,9.13,1.00,2.05
1883.12,5.34,9.23,1.00,2.05
1884.01,5.18,9.23,1.00,2.06
1884.02,5.32,9.23,1.00,2.07
1884.03,5.30,9.23,1.00,2.08
1884.04,5.06,9.04,1.00,2.09
1884.05,4.65,8.85,1.00,2.09
1884.06,4.46,8.85,1.00,2.10
1884.07,4.46,8.75,1.00,2.11
1884.08,4.74,8.75,1.00,2.12
1884.09,4.59,8.66,1.00,2.12
1884.1,4.44,8.56,1.00,2.13
1884.11,4.35,8.37,1.00,2.14
1884.12,4.34,8.28,1.00,2.15
1885.01,4.24,8.28,1.00,2.16
1885.02,4.37,8.37,1.00,2.16
1885.03,4.38,8.18,1.00,2.17
1885.04,4.37,8.28,1.00,2.18
1885.05,4.32,8.09,1.00,2.19
1885.06,4.30,7.90,1.00,2.20
1885.07,4.46,7.99,1.00,2.21
1885.08,4.71,7.99,1.00,2.22
1885.09,4.65,7.90,1.00,2.22
1885.1,4.92,7.90,1.00,2.23
1885.11,5.24,7.99,1.00,2.24
1885.12,5.20,8.18,1.00,2.25
1886.01,5.20,7.99,1.00,2.25
1886.02,5.30,7.99,1.00,2.26
1886.03,5.19,7.90,1.00,2.26
1886.04,5.12,7.80,1.00,2.27
1886.05,5.02,7.61,1.00,2.27
1886.06,5.25,7.52,1.00,2.27
1886.07,5.33,7.61,1.00,2.28
1886.08,5.37,7.71,1.00,2.28
1886.09,5.51,7.71,1.00,2.29
1886.1,5.65,7.71,1.00,2.29
1886.11,5.79,7.71,1.00,2.30
1886.12,5.64,7.80,1.00,2.30
1887.01,5.58,7.99,1.00,2.30
1887.02,5.54,8.09,1.00,2.31
1887.03,5.67,8.09,1.00,2.31
1887.04,5.80,8.09,1.00,2.32
1887.05,5.90,8.09,1.00,2.32
1887.06,5.73,7.99,1.00,2.33
1887.07,5.59,7.90,1.00,2.33
1887.08,5.45,7.99,1.00,2.34
1887.09,5.38,7.90,1.00,2.34
1887.1,5.20,7.99,1.00,2.35
1887.11,5.30,8.09,1.00,2.35
1887.12,5.27,8.28,1.00,2.35
1888.01,5.31,8.37,1.00,2.37
1888.02,5.28,8.28,1.00,2.38
1888.03,5.08,8.28,1.00,2.39
1888.04,5.10,8.18,1.00,2.40
1888.05,5.17,8.09,1.00,2.41
1888.06,5.01,7.99,1.00,2.42
1888.07,5.14,8.09,1.00,2.43
1888.08,5.25,8.09,1.00,2.44
1888.09,5.38,8.09,1.00,2.45
1888.1,5.35,8.18,1.00,2.46
1888.11,5.24,8.28,1.00,2.47
1888.12,5.14,8.28,1.00,2.49
1889.01,5.24,7.99,1.00,2.49
1889.02,5.30,7.90,1.00,2.50
1889.03,5.19,7.80,1.00,2.51
1889.04,5.18,7.80,1.00,2.52
1889.05,5.32,7.61,1.00,2.52
1889.06,5.41,7.61,1.00,2.53
1889.07,5.30,7.61,1.00,2.54
1889.08,5.37,7.61,1.00,2.55
1889.09,5.50,7.71,1.00,2.55
1889.1,5.40,7.71,1.00,2.56
1889.11,5.35,7.71,1.00,2.57
1889.12,5.32,7.80,1.00,2.58
1890.01,5.38,7.61,1.00,2.58
1890.02,5.32,7.61,1.00,2.59
1890.03,5.28,7.61,1.00,2.59
1890.04,5.39,7.61,1.00,2.59
1890.05,5.62,7.71,1.00,2.60
1890.06,5.58,7.71,1.00,2.60
1890.07,5.54,7.71,1.00,2.61
1890.08,5.41,7.99,1.00,2.61
1890.09,5.32,8.09,1.00,2.61
1890.1,5.08,8.09,1.00,2.62
1890.11,4.71,7.90,1.00,2.62
1890.12,4.60,7.90,1.00,2.63
1891.01,4.84,7.80,1.00,2.63
1891.02,4.90,7.90,1.00,2.64
1891.03,4.81,7.99,1.00,2.65
1891.04,4.97,8.09,1.00,2.66
1891.05,4.95,7.99,1.00,2.67
1891.06,4.85,7.80,1.00,2.68
1891.07,4.77,7.71,1.00,2.68
1891.08,4.93,7.71,1.00,2.69
1891.09,5.33,7.61,1.00,2.70
1891.1,5.33,7.61,1.00,2.71
1891.11,5.25,7.52,1.00,2.72
1891.12,5.41,7.52,1.00,2.73
1892.01,5.51,7.33,1.00,2.73
1892.02,5.52,7.33,1.00,2.74
1892.03,5.58,7.14,1.00,2.74
1892.04,5.57,7.04,1.00,2.75
1892.05,5.57,7.04,1.00,2.75
1892.06,5.54,7.04,1.00,2.76
1892.07,5.54,7.23,1.00,2.77
1892.08,5.62,7.33,1.00,2.77
1892.09,5.48,7.33,1.00,2.78
1892.1,5.59,7.33,1.00,2.78
1892.11,5.57,7.52,1.00,2.79
1892.12,5.51,7.61,1.00,2.79
1893.01,5.61,7.90,1.00,2.80
1893.02,5.51,7.99,1.00,2.81
1893.03,5.31,7.80,1.00,2.82
1893.04,5.31,7.71,1.00,2.83
1893.05,4.84,7.61,1.00,2.84
1893.06,4.61,7.42,1.00,2.85
1893.07,4.18,7.23,1.00,2.86
1893.08,4.08,6.95,1.00,2.87
1893.09,4.37,7.23,1.00,2.88
1893.1,4.50,7.33,1.00,2.89
1893.11,4.57,7.14,1.00,2.90
1893.12,4.41,7.04,1.00,2.91
1894.01,4.32,6.85,1.00,2.93
1894.02,4.38,6.76,1.00,2.94
1894.03,4.51,6.57,1.00,2.95
1894.04,4.57,6.57,1.00,2.97
1894.05,4.40,6.57,1.00,2.98
1894.06,4.34,6.57,1.00,3.00
1894.07,4.25,6.57,1.00,3.01
1894.08,4.41,6.76,1.00,3.02
1894.09,4.48,6.85,1.00,3.04
1894.1,4.34,6.66,1.00,3.05
1894.11,4.34,6.66,1.00,3.07
1894.12,4.30,6.57,1.00,3.08
1895.01,4.25,6.57,1.00,3.08
1895.02,4.19,6.57,1.00,3.09
1895.03,4.19,6.57,1.00,3.10
1895.04,4.37,6.85,1.00,3.10
1895.05,4.61,6.95,1.00,3.11
1895.06,4.70,7.04,1.00,3.11
1895.07,4.72,6.95,1.00,3.12
1895.08,4.79,6.85,1.00,3.13
1895.09,4.82,6.85,1.00,3.13
1895.1,4.75,6.85,1.00,3.14
1895.11,4.59,6.85,1.00,3.15
1895.12,4.32,6.76,1.00,3.15
1896.01,4.27,6.66,1.00,3.17
1896.02,4.45,6.57,1.00,3.18
1896.03,4.38,6.57,1.00,3.19
1896.04,4.42,6.47,1.00,3.21
1896.05,4.40,6.37,1.00,3.22
1896.06,4.32,6.28,1.00,3.24
1896.07,4.04,6.28,1.00,3.25
1896.08,3.81,6.28,1.00,3.26
1896.09,4.01,6.28,1.00,3.28
1896.1,4.10,6.47,1.00,3.29
1896.11,4.38,6.66,1.00,3.31
1896.12,4.22,6.66,1.00,3.32
1897.01,4.22,6.47,1.00,3.33
1897.02,4.18,6.47,1.00,3.34
1897.03,4.19,6.47,1.00,3.35
1897.04,4.06,6.37,1.00,3.36
1897.05,4.08,6.28,1.00,3.37
1897.06,4.27,6.28,1.00,3.38
1897.07,4.46,6.28,1.00,3.39
1897.08,4.75,6.57,1.00,3.40
1897.09,4.98,6.76,1.00,3.42
1897.1,4.82,6.66,1.00,3.43
1897.11,4.65,6.66,1.00,3.44
1897.12,4.75,6.66,1.00,3.45
1898.01,4.88,6.66,1.00,3.46
1898.02,4.87,6.76,1.00,3.48
1898.03,4.65,6.76,1.00,3.50
1898.04,4.57,6.76,1.00,3.51
1898.05,4.87,7.23,1.00,3.53
1898.06,5.06,6.76,1.00,3.54
1898.07,5.08,6.66,1.00,3.56
1898.08,5.27,6.66,1.00,3.57
1898.09,5.26,6.66,1.00,3.59
1898.1,5.15,6.66,1.00,3.61
1898.11,5.32,6.66,1.00,3.62
1898.12,5.65,6.76,1.00,3.64
1899.01,6.08,6.76,1.00,3.65
1899.02,6.31,6.95,1.00,3.65
1899.03,6.40,6.95,1.00,3.66
1899.04,6.48,7.04,1.00,3.67
1899.05,6.21,7.04,1.00,3.68
1899.06,6.07,7.14,1.00,3.69
1899.07,6.28,7.23,1.00,3.69
1899.08,6.44,7.33,1.00,3.70
1899.09,6.37,7.61,1.00,3.71
1899.1,6.34,7.71,1.00,3.72
1899.11,6.46,7.80,1.00,3.73
1899.12,6.02,7.90,1.00,3.74
1900.01,6.10,7.90,1.00,3.75
1900.02,6.21,7.99,1.00,3.76
1900.03,6.26,7.99,1.00,3.77
1900.04,6.34,7.99,1.00,3.78
1900.05,6.04,7.80,1.00,3.79
1900.06,5.86,7.71,1.00,3.80
1900.07,5.86,7.80,1.00,3.81
1900.08,5.94,7.71,1.00,3.83
1900.09,5.80,7.80,1.00,3.84
1900.1,6.01,7.71,1.00,3.85
1900.11,6.48,7.71,1.00,3.86
1900.12,6.87,7.61,1.00,3.87
1901.01,7.07,7.71,1.00,3.88
1901.02,7.25,7.61,1.00,3.89
1901.03,7.51,7.61,1.00,3.89
1901.04,8.14,7.52,1.00,3.90
1901.05,7.73,7.52,1.00,3.91
1901.06,8.50,7.52,1.00,3.92
1901.07,7.93,7.61,1.00,3.93
1901.08,8.04,7.71,1.00,3.93
1901.09,8.00,7.80,1.00,3.94
1901.1,7.91,7.80,1.00,3.95
1901.11,8.08,7.90,1.00,3.96
1901.12,7.95,7.99,1.00,3.97
1902.01,8.12,7.90,1.00,3.97
1902.02,8.19,7.90,1.00,3.98
1902.03,8.20,7.90,1.00,3.99
1902.04,8.48,7.99,1.00,4.00
1902.05,8.46,8.09,1.00,4.00
1902.06,8.41,8.18,1.00,4.01
1902.07,8.60,8.18,1.00,4.02
1902.08,8.83,8.09,1.00,4.03
1902.09,8.85,8.18,1.00,4.03
1902.1,8.57,8.75,1.00,4.04
1902.11,8.24,8.47,1.00,4.05
1902.12,8.05,8.56,1.00,4.06
1903.01,8.46,8.66,1.00,4.06
1903.02,8.41,8.66,1.00,4.07
1903.03,8.08,8.37,1.00,4.08
1903.04,7.75,8.37,1.00,4.09
1903.05,7.60,8.18,1.00,4.10
1903.06,7.18,8.18,1.00,4.11
1903.07,6.85,8.18,1.00,4.12
1903.08,6.63,8.18,1.00,4.12
1903.09,6.47,8.28,1.00,4.13
1903.1,6.26,8.18,1.00,4.14
1903.11,6.28,8.09,1.00,4.15
1903.12,6.57,8.09,1.00,4.16
1904.01,6.68,8.28,1.00,4.17
1904.02,6.50,8.47,1.00,4.18
1904.03,6.48,8.37,1.00,4.19
1904.04,6.64,8.28,1.00,4.20
1904.05,6.50,8.09,1.00,4.21
1904.06,6.51,8.09,1.00,4.22
1904.07,6.78,8.09,1.00,4.23
1904.08,7.01,8.18,1.00,4.24
1904.09,7.32,8.28,1.00,4.25
1904.1,7.75,8.28,1.00,4.26
1904.11,8.17,8.47,1.00,4.27
1904.12,8.25,8.47,1.00,4.28
1905.01,8.43,8.47,1.00,4.29
1905.02,8.80,8.47,1.00,4.30
1905.03,9.05,8.37,1.00,4.32
1905.04,8.94,8.37,1.00,4.33
1905.05,8.50,8.28,1.00,4.35
1905.06,8.60,8.28,1.00,4.36
1905.07,8.87,8.28,1.00,4.37
1905.08,9.20,8.37,1.00,4.39
1905.09,9.23,8.28,1.00,4.40
1905.1,9.36,8.28,1.00,4.42
1905.11,9.31,8.37,1.00,4.43
1905.12,9.54,8.47,1.00,4.44
1906.01,9.87,8.47,1.00,4.45
1906.02,9.80,8.47,1.00,4.46
1906.03,9.56,8.47,1.00,4.46
1906.04,9.43,8.47,1.00,4.47
1906.05,9.18,8.56,1.00,4.47
1906.06,9.30,8.56,1.00,4.48
1906.07,9.06,8.28,1.00,4.48
1906.08,9.73,8.47,1.00,4.49
1906.09,10.03,8.56,1.00,4.49
1906.1,9.73,8.75,1.00,4.50
1906.11,9.93,8.85,1.00,4.51
1906.12,9.84,8.94,1.00,4.51
1907.01,9.56,8.85,1.00,4.52
1907.02,9.26,9.04,1.00,4.53
1907.03,8.35,8.94,1.00,4.54
1907.04,8.39,8.94,1.00,4.54
1907.05,8.10,9.13,1.00,4.55
1907.06,7.84,9.23,1.00,4.56
1907.07,8.14,9.23,1.00,4.57
1907.08,7.53,9.23,1.00,4.58
1907.09,7.45,9.23,1.00,4.58
1907.1,6.64,9.32,1.00,4.59
1907.11,6.25,8.94,1.00,4.60
1907.12,6.57,8.75,1.00,4.61
1908.01,6.85,8.66,1.00,4.63
1908.02,6.60,8.56,1.00,4.65
1908.03,6.87,8.56,1.00,4.66
1908.04,7.24,8.66,1.00,4.68
1908.05,7.63,8.66,1.00,4.70
1908.06,7.64,8.66,1.00,4.72
1908.07,7.92,8.75,1.00,4.74
1908.08,8.26,8.75,1.00,4.76
1908.09,8.17,8.75,1.00,4.78
1908.1,8.27,8.85,1.00,4.79
1908.11,8.83,8.94,1.00,4.81
1908.12,9.03,9.04,1.00,4.83
1909.01,9.06,8.94,1.00,4.84
1909.02,8.80,9.04,1.00,4.85
1909.03,8.92,9.04,1.00,4.86
1909.04,9.32,9.23,1.00,4.87
1909.05,9.63,9.32,1.00,4.88
1909.06,9.80,9.42,1.00,4.89
1909.07,9.94,9.42,1.00,4.90
1909.08,10.18,9.51,1.00,4.92
1909.09,10.19,9.61,1.00,4.93
1909.1,10.23,9.80,1.00,4.94
1909.11,10.18,9.90,1.00,4.95
1909.12,10.30,9.99,1.00,4.96
1910.01,10.08,9.90,1.00,4.97
1910.02,9.72,9.90,1.00,4.99
1910.03,9.96,10.09,1.00,5.00
1910.04,9.72,10.18,1.00,5.01
1910.05,9.56,9.99,1.00,5.03
1910.06,9.10,9.90,1.00,5.04
1910.07,8.64,9.90,1.00,5.06
1910.08,8.85,9.80,1.00,5.07
1910.09,8.91,9.70,1.00,5.09
1910.1,9.32,9.42,1.00,5.10
1910.11,9.31,9.23,1.00,5.11
1910.12,9.05,9.23,1.00,5.13
1911.01,9.27,9.23,1.00,5.14
1911.02,9.43,8.94,1.00,5.16
1911.03,9.32,9.04,1.00,5.18
1911.04,9.28,8.75,1.00,5.19
1911.05,9.48,8.75,1.00,5.21
1911.06,9.67,8.75,1.00,5.23
1911.07,9.63,8.85,1.00,5.24
1911.08,9.17,9.13,1.00,5.26
1911.09,8.67,9.23,1.00,5.27
1911.1,8.72,9.23,1.00,5.29
1911.11,9.07,9.13,1.00,5.31
1911.12,9.11,9.04,1.00,5.32
1912.01,9.12,9.13,1.00,5.33
1912.02,9.04,9.23,1.00,5.33
1912.03,9.30,9.42,1.00,5.33
1912.04,9.59,9.70,1.00,5.33
1912.05,9.58,9.70,1.00,5.34
1912.06,9.58,9.61,1.00,5.34
1912.07,9.59,9.61,1.00,5.34
1912.08,9.81,9.70,1.00,5.34
1912.09,9.86,9.80,1.00,5.35
1912.1,9.84,9.80,1.00,5.35
1912.11,9.73,9.80,1.00,5.36
1912.12,9.38,9.70,1.00,5.36
1913.01,9.30,9.80,1.01,5.39
1913.02,8.97,9.80,1.01,5.42
1913.03,8.80,9.80,1.01,5.45
1913.04,8.79,9.80,1.01,5.48
1913.05,8.55,9.70,1.01,5.51
1913.06,8.12,9.80,1.01,5.54
1913.07,8.23,9.90,1.01,5.57
1913.08,8.45,9.90,1.01,5.60
1913.09,8.53,10.00,1.01,5.63
1913.1,8.26,10.00,1.01,5.66
1913.11,8.05,10.10,1.01,5.70
1913.12,8.04,10.00,1.01,5.73
1914.01,8.37,10.00,1.00,5.74
1914.02,8.48,9.90,1.00,5.76
1914.03,8.32,9.90,1.00,5.78
1914.04,8.12,9.80,1.00,5.79
1914.05,8.17,9.90,1.00,5.81
1914.06,8.13,9.90,1.00,5.83
1914.07,7.68,10.00,1.00,5.85
1914.08,7.68,10.20,1.00,5.86
1914.09,7.68,10.20,1.00,5.88
1914.1,7.68,10.10,1.00,5.90
1914.11,7.68,10.20,1.00,5.92
1914.12,7.35,10.10,1.00,5.93
1915.01,7.48,10.10,1.00,5.96
1915.02,7.38,10.00,1.00,5.99
1915.03,7.57,9.90,1.00,6.02
1915.04,8.14,10.00,1.00,6.05
1915.05,7.95,10.10,1.00,6.08
1915.06,8.04,10.10,1.00,6.11
1915.07,8.01,10.10,1.00,6.13
1915.08,8.35,10.10,1.00,6.16
1915.09,8.66,10.10,1.00,6.19
1915.1,9.14,10.20,1.00,6.22
1915.11,9.46,10.30,1.00,6.25
1915.12,9.48,10.30,1.00,6.28
1916.01,9.33,10.40,1.00,6.29
1916.02,9.20,10.40,1.00,6.31
1916.03,9.17,10.50,1.00,6.32
1916.04,9.07,10.60,1.00,6.34
1916.05,9.27,10.70,1.00,6.35
1916.06,9.36,10.80,1.00,6.36
1916.07,9.23,10.80,1.00,6.38
1916.08,9.30,10.90,1.00,6.39
1916.09,9.68,11.10,1.00,6.41
1916.1,9.98,11.30,1.00,6.42
1916.11,10.21,11.50,1.00,6.44
1916.12,9.80,11.60,1.00,6.45
1917.01,9.57,11.70,1.00,6.46
1917.02,9.03,12.00,1.00,6.47
1917.03,9.31,12.00,1.00,6.47
1917.04,9.17,12.60,1.00,6.48
1917.05,8.86,12.80,1.00,6.49
1917.06,9.04,13.00,1.00,6.50
1917.07,8.79,12.80,1.00,6.51
1917.08,8.53,13.00,1.00,6.52
1917.09,8.12,13.30,1.00,6.53
1917.1,7.68,13.50,1.00,6.54
1917.11,7.04,13.50,1.00,6.55
1917.12,6.80,13.70,1.00,6.56
1918.01,7.21,14.00,1.00,6.59
1918.02,7.43,14.10,1.00,6.61
1918.03,7.28,14.00,1.00,6.64
1918.04,7.21,14.20,1.00,6.67
1918.05,7.44,14.50,1.00,6.70
1918.06,7.45,14.70,1.00,6.73
1918.07,7.51,15.10,1.00,6.76
1918.08,7.58,15.40,1.00,6.78
1918.09,7.54,15.70,1.00,6.81
1918.1,7.86,16.00,1.00,6.84
1918.11,8.06,16.30,1.00,6.87
1918.12,7.90,16.50,1.00,6.90
1919.01,7.85,16.50,1.00,6.90
1919.02,7.88,16.20,1.00,6.91
1919.03,8.12,16.40,1.00,6.91
1919.04,8.39,16.70,1.00,6.92
1919.05,8.97,16.90,1.00,6.92
1919.06,9.21,16.90,1.00,6.93
1919.07,9.51,17.40,1.00,6.94
1919.08,8.87,17.70,1.00,6.94
1919.09,9.01,17.80,1.00,6.95
1919.1,9.47,18.10,1.00,6.96
1919.11,9.19,18.50,1.00,6.96
1919.12,8.92,18.90,1.00,6.97
1920.01,8.83,19.30,1.00,6.99
1920.02,8.10,19.50,1.00,7.02
1920.03,8.67,19.70,1.00,7.04
1920.04,8.60,20.30,1.00,7.06
1920.05,8.06,20.60,1.00,7.09
1920.06,7.92,20.90,1.00,7.11
1920.07,7.91,20.80,1.00,7.14
1920.08,7.60,20.30,1.00,7.16
1920.09,7.87,20.00,1.00,7.19
1920.1,7.88,19.90,1.00,7.21
1920.11,7.48,19.80,1.00,7.24
1920.12,6.81,19.40,1.00,7.26
1921.01,7.11,19.00,1.01,7.33
1921.02,7.06,18.40,1.01,7.40
1921.03,6.88,18.30,1.01,7.47
1921.04,6.91,18.10,1.01,7.53
1921.05,7.12,17.70,1.01,7.60
1921.06,6.55,17.60,1.01,7.67
1921.07,6.53,17.70,1.01,7.74
1921.08,6.45,17.70,1.01,7.81
1921.09,6.61,17.50,1.01,7.89
1921.1,6.70,17.50,1.01,7.96
1921.11,7.06,17.40,1.01,8.03
1921.12,7.31,17.30,1.01,8.10
1922.01,7.30,16.90,1.00,8.13
1922.02,7.46,16.90,1.00,8.15
1922.03,7.74,16.70,1.00,8.18
1922.04,8.21,16.70,1.00,8.20
1922.05,8.53,16.70,1.00,8.23
1922.06,8.45,16.70,1.00,8.26
1922.07,8.51,16.80,1.00,8.28
1922.08,8.83,16.60,1.00,8.31
1922.09,9.06,16.60,1.00,8.34
1922.1,9.26,16.70,1.00,8.36
1922.11,8.80,16.80,1.00,8.39
1922.12,8.78,16.90,1.00,8.42
1923.01,8.90,16.80,1.01,8.46
1923.02,9.28,16.80,1.01,8.51
1923.03,9.43,16.80,1.01,8.56
1923.04,9.10,16.90,1.01,8.61
1923.05,8.67,16.90,1.01,8.66
1923.06,8.34,17.00,1.01,8.70
1923.07,8.06,17.20,1.01,8.75
1923.08,8.10,17.10,1.01,8.80
1923.09,8.15,17.20,1.01,8.85
1923.1,8.03,17.30,1.01,8.90
1923.11,8.27,17.30,1.01,8.95
1923.12,8.55,17.30,1.01,8.99
1924.01,8.83,17.30,1.00,9.04
1924.02,8.87,17.20,1.00,9.08
1924.03,8.70,17.10,1.00,9.12
1924.04,8.50,17.00,1.00,9.17
1924.05,8.47,17.00,1.00,9.21
1924.06,8.63,17.00,1.00,9.25
1924.07,9.03,17.10,1.00,9.29
1924.08,9.34,17.00,1.00,9.34
1924.09,9.25,17.10,1.00,9.38
1924.1,9.13,17.20,1.00,9.42
1924.11,9.64,17.20,1.00,9.47
1924.12,10.16,17.30,1.00,9.51
1925.01,10.58,17.30,1.00,9.55
1925.02,10.67,17.20,1.00,9.60
1925.03,10.39,17.30,1.00,9.64
1925.04,10.28,17.20,1.00,9.68
1925.05,10.61,17.30,1.00,9.72
1925.06,10.80,17.50,1.00,9.77
1925.07,11.10,17.70,1.00,9.81
1925.08,11.25,17.70,1.00,9.85
1925.09,11.51,17.70,1.00,9.90
1925.1,11.89,17.70,1.00,9.94
1925.11,12.26,18.00,1.00,9.98
1925.12,12.46,17.90,1.00,10.02
1926.01,12.65,17.90,1.01,10.08
1926.02,12.67,17.90,1.01,10.13
1926.03,11.81,17.80,1.01,10.19
1926.04,11.48,17.90,1.01,10.24
1926.05,11.56,17.80,1.01,10.30
1926.06,12.11,17.70,1.01,10.35
1926.07,12.62,17.50,1.01,10.41
1926.08,13.12,17.40,1.01,10.46
1926.09,13.32,17.50,1.01,10.52
1926.1,13.02,17.60,1.01,10.57
1926.11,13.19,17.70,1.01,10.63
1926.12,13.49,17.70,1.01,10.68
1927.01,13.40,17.50,1.00,10.71
1927.02,13.66,17.40,1.00,10.74
1927.03,13.87,17.30,1.00,10.77
1927.04,14.21,17.30,1.00,10.80
1927.05,14.70,17.40,1.00,10.84
1927.06,14.89,17.60,1.00,10.87
1927.07,15.22,17.30,1.00,10.90
1927.08,16.03,17.20,1.00,10.93
1927.09,16.94,17.30,1.00,10.96
1927.1,16.68,17.40,1.00,10.99
1927.11,17.06,17.30,1.00,11.02
1927.12,17.46,17.30,1.00,11.05
1928.01,17.53,17.30,1.00,11.06
1928.02,17.32,17.10,1.00,11.07
1928.03,18.25,17.10,1.00,11.08
1928.04,19.40,17.10,1.00,11.09
1928.05,20.00,17.20,1.00,11.10
1928.06,19.02,17.10,1.00,11.12
1928.07,19.16,17.10,1.00,11.13
1928.08,19.78,17.10,1.00,11.14
1928.09,21.17,17.30,1.00,11.15
1928.1,21.60,17.20,1.00,11.16
1928.11,23.06,17.20,1.00,11.17
1928.12,23.15,17.10,1.00,11.19
1929.01,24.86,17.10,1.01,11.24
1929.02,24.99,17.10,1.01,11.30
1929.03,25.43,17.00,1.01,11.36
1929.04,25.28,16.90,1.01,11.42
1929.05,25.66,17.00,1.01,11.47
1929.06,26.15,17.10,1.01,11.53
1929.07,28.48,17.30,1.01,11.59
1929.08,30.10,17.30,1.01,11.65
1929.09,31.30,17.30,1.01,11.71
1929.1,27.99,17.30,1.00,11.77
1929.11,20.58,17.30,1.00,11.82
1929.12,21.40,17.20,1.00,11.88
1930.01,21.71,17.10,1.00,11.91
1930.02,23.07,17.00,1.00,11.94
1930.03,23.94,16.90,1.00,11.97
1930.04,25.46,17.00,1.00,12.00
1930.05,23.94,16.90,1.00,12.03
1930.06,21.52,16.80,1.00,12.05
1930.07,21.06,16.60,1.00,12.08
1930.08,20.79,16.50,1.00,12.11
1930.09,20.78,16.60,1.00,12.14
1930.1,17.92,16.50,1.00,12.17
1930.11,16.62,16.40,1.00,12.20
1930.12,15.51,16.10,1.00,12.23
1931.01,15.98,15.90,1.00,12.24
1931.02,17.20,15.70,1.00,12.24
1931.03,17.53,15.60,1.00,12.25
1931.04,15.86,15.50,1.00,12.25
1931.05,14.33,15.30,1.00,12.26
1931.06,13.87,15.10,1.00,12.27
1931.07,14.33,15.10,1.00,12.27
1931.08,13.90,15.10,1.00,12.28
1931.09,11.83,15.00,1.00,12.29
1931.1,10.25,14.90,1.00,12.29
1931.11,10.39,14.70,1.00,12.30
1931.12,8.44,14.60,1.00,12.31
1932.01,8.30,14.30,1.01,12.38
1932.02,8.23,14.10,1.01,12.45
1932.03,8.26,14.00,1.01,12.52
1932.04,6.28,13.90,1.01,12.59
1932.05,5.51,13.70,1.01,12.66
1932.06,4.77,13.60,1.01,12.73
1932.07,5.01,13.60,1.01,12.80
1932.08,7.53,13.50,1.01,12.87
1932.09,8.26,13.40,1.01,12.94
1932.1,7.12,13.30,1.01,13.01
1932.11,7.05,13.20,1.01,13.08
1932.12,6.82,13.10,1.01,13.15
1933.01,7.09,12.90,1.00,13.20
1933.02,6.25,12.70,1.00,13.26
1933.03,6.23,12.60,1.00,13.31
1933.04,6.89,12.60,1.00,13.37
1933.05,8.87,12.60,1.00,13.42
1933.06,10.39,12.70,1.00,13.47
1933.07,11.23,13.10,1.00,13.53
1933.08,10.67,13.20,1.00,13.58
1933.09,10.58,13.20,1.00,13.64
1933.1,9.55,13.20,1.00,13.69
1933.11,9.78,13.20,1.00,13.75
1933.12,9.97,13.20,1.00,13.80
1934.01,10.54,13.20,1.00,13.87
1934.02,11.32,13.30,1.00,13.94
1934.03,10.74,13.30,1.00,14.01
1934.04,10.92,13.30,1.00,14.07
1934.05,9.81,13.30,1.00,14.14
1934.06,9.94,13.40,1.00,14.21
1934.07,9.47,13.40,1.00,14.28
1934.08,9.10,13.40,1.00,14.35
1934.09,8.88,13.60,1.00,14.42
1934.1,8.95,13.50,1.00,14.49
1934.11,9.20,13.50,1.00,14.55
1934.12,9.26,13.40,1.00,14.62
1935.01,9.26,13.60,1.00,14.67
1935.02,8.98,13.70,1.00,14.72
1935.03,8.41,13.70,1.00,14.77
1935.04,9.04,13.80,1.00,14.82
1935.05,9.75,13.80,1.00,14.87
1935.06,10.12,13.70,1.00,14.92
1935.07,10.65,13.70,1.00,14.96
1935.08,11.37,13.70,1.00,15.01
1935.09,11.61,13.70,1.00,15.06
1935.1,11.92,13.70,1.00,15.11
1935.11,13.04,13.80,1.00,15.16
1935.12,13.04,13.80,1.00,15.21
1936.01,13.76,13.80,1.00,15.24
1936.02,14.55,13.80,1.00,15.27
1936.03,14.86,13.70,1.00,15.30
1936.04,14.88,13.70,1.00,15.33
1936.05,14.09,13.70,1.00,15.36
1936.06,14.69,13.80,1.00,15.39
1936.07,15.56,13.90,1.00,15.42
1936.08,15.87,14.00,1.00,15.45
1936.09,16.05,14.00,1.00,15.49
1936.1,16.89,14.00,1.00,15.52
1936.11,17.36,14.00,1.00,15.55
1936.12,17.06,14.00,1.00,15.58
1937.01,17.59,14.10,1.00,15.63
1937.02,18.11,14.10,1.00,15.68
1937.03,18.09,14.20,1.00,15.72
1937.04,17.01,14.30,1.00,15.77
1937.05,16.25,14.40,1.00,15.82
1937.06,15.64,14.40,1.00,15.87
1937.07,16.57,14.50,1.00,15.92
1937.08,16.74,14.50,1.00,15.97
1937.09,14.37,14.60,1.00,16.02
1937.1,12.28,14.60,1.00,16.06
1937.11,11.20,14.50,1.00,16.11
1937.12,11.02,14.40,1.00,16.16
1938.01,11.31,14.20,1.00,16.22
1938.02,11.04,14.10,1.00,16.28
1938.03,10.31,14.10,1.00,16.34
1938.04,9.89,14.20,1.00,16.39
1938.05,9.98,14.10,1.00,16.45
1938.06,10.21,14.10,1.00,16.51
1938.07,12.24,14.10,1.00,16.57
1938.08,12.31,14.10,1.00,16.63
1938.09,11.75,14.10,1.00,16.68
1938.1,13.06,14.00,1.00,16.74
1938.11,13.07,14.00,1.00,16.80
1938.12,12.69,14.00,1.00,16.86
1939.01,12.50,14.00,1.00,16.91
1939.02,12.40,13.90,1.00,16.96
1939.03,12.39,13.90,1.00,17.01
1939.04,10.83,13.80,1.00,17.06
1939.05,11.23,13.80,1.00,17.12
1939.06,11.43,13.80,1.00,17.17
1939.07,11.71,13.80,1.00,17.22
1939.08,11.54,13.80,1.00,17.27
1939.09,12.77,14.10,1.00,17.32
1939.1,12.90,14.00,1.00,17.37
1939.11,12.67,14.00,1.00,17.43
1939.12,12.37,14.00,1.00,17.48
1940.01,12.30,13.90,1.00,17.54
1940.02,12.22,14.00,1.00,17.61
1940.03,12.15,14.00,1.00,17.68
1940.04,12.27,14.00,1.00,17.74
1940.05,10.58,14.00,1.00,17.81
1940.06,9.67,14.10,1.00,17.87
1940.07,9.99,14.00,1.00,17.94
1940.08,10.20,14.00,1.00,18.00
1940.09,10.63,14.00,1.00,18.07
1940.1,10.73,14.00,1.00,18.14
1940.11,10.98,14.00,1.00,18.20
1940.12,10.53,14.10,1.00,18.27
1941.01,10.55,14.10,1.00,18.23
1941.02,9.89,14.10,1.00,18.19
1941.03,9.95,14.20,1.00,18.15
1941.04,9.64,14.30,1.00,18.11
1941.05,9.43,14.40,1.00,18.07
1941.06,9.76,14.70,1.00,18.04
1941.07,10.26,14.70,1.00,18.00
1941.08,10.21,14.90,1.00,17.97
1941.09,10.24,15.10,1.00,17.94
1941.1,9.83,15.30,1.00,17.90
1941.11,9.37,15.40,1.00,17.87
1941.12,8.76,15.50,1.00,17.84
1942.01,8.93,15.70,1.00,17.88
1942.02,8.65,15.80,1.00,17.91
1942.03,8.18,16.00,1.00,17.95
1942.04,7.84,16.10,1.00,17.98
1942.05,7.93,16.30,1.00,18.02
1942.06,8.33,16.30,1.00,18.05
1942.07,8.64,16.40,1.00,18.09
1942.08,8.59,16.50,1.00,18.13
1942.09,8.68,16.50,1.00,18.16
1942.1,9.32,16.70,1.00,18.20
1942.11,9.47,16.80,1.00,18.23
1942.12,9.52,16.90,1.00,18.27
1943.01,10.09,16.90,1.00,18.31
1943.02,10.69,16.90,1.00,18.34
1943.03,11.07,17.20,1.00,18.38
1943.04,11.44,17.40,1.00,18.42
1943.05,11.89,17.50,1.00,18.45
1943.06,12.10,17.50,1.00,18.49
1943.07,12.35,17.40,1.00,18.53
1943.08,11.74,17.30,1.00,18.56
1943.09,11.99,17.40,1.00,18.60
1943.1,11.88,17.40,1.00,18.64
1943.11,11.33,17.40,1.00,18.67
1943.12,11.48,17.40,1.00,18.71
1944.01,11.85,17.40,1.00,18.77
1944.02,11.77,17.40,1.00,18.82
1944.03,12.10,17.40,1.00,18.87
1944.04,11.89,17.50,1.00,18.93
1944.05,12.10,17.50,1.00,18.98
1944.06,12.67,17.60,1.00,19.03
1944.07,13.00,17.70,1.00,19.09
1944.08,12.81,17.70,1.00,19.14
1944.09,12.60,17.70,1.00,19.20
1944.1,12.91,17.70,1.00,19.25
1944.11,12.82,17.70,1.00,19.30
1944.12,13.10,17.80,1.00,19.36
1945.01,13.49,17.80,1.00,19.42
1945.02,13.94,17.80,1.00,19.49
1945.03,13.93,17.80,1.00,19.55
1945.04,14.28,17.80,1.00,19.61
1945.05,14.82,17.90,1.00,19.68
1945.06,15.09,18.10,1.00,19.74
1945.07,14.78,18.10,1.00,19.80
1945.08,14.83,18.10,1.00,19.87
1945.09,15.84,18.10,1.00,19.93
1945.1,16.50,18.10,1.00,20.00
1945.11,17.04,18.10,1.00,20.06
1945.12,17.33,18.20,1.00,20.12
1946.01,18.02,18.20,1.00,20.15
1946.02,18.07,18.10,1.00,20.18
1946.03,17.53,18.30,1.00,20.21
1946.04,18.66,18.40,1.00,20.23
1946.05,18.70,18.50,1.00,20.26
1946.06,18.58,18.70,1.00,20.29
1946.07,18.05,19.80,1.00,20.32
1946.08,17.70,20.20,1.00,20.35
1946.09,15.09,20.40,1.00,20.38
1946.1,14.75,20.80,1.00,20.41
1946.11,14.69,21.30,1.00,20.44
1946.12,15.13,21.50,1.00,20.46
1947.01,15.21,21.50,1.00,20.47
1947.02,15.80,21.50,1.00,20.48
1947.03,15.16,21.90,1.00,20.49
1947.04,14.60,21.90,1.00,20.50
1947.05,14.34,21.90,1.00,20.52
1947.06,14.84,22.00,1.00,20.53
1947.07,15.77,22.20,1.00,20.54
1947.08,15.46,22.50,1.00,20.55
1947.09,15.06,23.00,1.00,20.56
1947.1,15.45,23.00,1.00,20.57
1947.11,15.27,23.10,1.00,20.59
1947.12,15.03,23.40,1.00,20.60
1948.01,14.83,23.70,1.00,20.66
1948.02,14.10,23.50,1.00,20.72
1948.03,14.30,23.40,1.00,20.78
1948.04,15.40,23.80,1.00,20.85
1948.05,16.15,23.90,1.00,20.91
1948.06,16.82,24.10,1.00,20.97
1948.07,16.42,24.40,1.00,21.03
1948.08,15.94,24.50,1.00,21.09
1948.09,15.76,24.50,1.00,21.15
1948.1,16.19,24.40,1.00,21.21
1948.11,15.29,24.20,1.00,21.28
1948.12,15.19,24.10,1.00,21.34
1949.01,15.36,24.00,1.00,21.38
1949.02,14.77,23.80,1.00,21.42
1949.03,14.91,23.80,1.00,21.46
1949.04,14.89,23.90,1.00,21.50
1949.05,14.78,23.80,1.00,21.54
1949.06,13.97,23.90,1.00,21.58
1949.07,14.76,23.70,1.00,21.62
1949.08,15.29,23.80,1.00,21.66
1949.09,15.49,23.90,1.00,21.70
1949.1,15.89,23.70,1.00,21.74
1949.11,16.11,23.80,1.00,21.78
1949.12,16.54,23.60,1.00,21.82
1950.01,16.88,23.50,1.00,21.82
1950.02,17.21,23.50,1.00,21.82
1950.03,17.35,23.60,1.00,21.83
1950.04,17.84,23.60,1.00,21.83
1950.05,18.44,23.70,1.00,21.83
1950.06,18.74,23.80,1.00,21.84
1950.07,17.38,24.10,1.00,21.84
1950.08,18.43,24.30,1.00,21.85
1950.09,19.08,24.40,1.00,21.85
1950.1,19.87,24.60,1.00,21.86
1950.11,19.83,24.70,1.00,21.86
1950.12,19.75,25.00,1.00,21.87
1951.01,21.21,25.40,1.00,21.90
1951.02,22.00,25.70,1.00,21.93
1951.03,21.63,25.80,1.00,21.96
1951.04,21.92,25.80,1.00,21.99
1951.05,21.93,25.90,1.00,22.02
1951.06,21.55,25.90,1.00,22.05
1951.07,21.93,25.90,1.00,22.08
1951.08,22.89,25.90,1.00,22.11
1951.09,23.48,26.10,1.00,22.14
1951.1,23.36,26.20,1.00,22.17
1951.11,22.71,26.40,1.00,22.20
1951.12,23.41,26.50,1.00,22.24
1952.01,24.19,26.50,1.00,22.26
1952.02,23.75,26.30,1.00,22.29
1952.03,23.81,26.30,1.00,22.31
1952.04,23.74,26.40,1.00,22.34
1952.05,23.73,26.40,1.00,22.37
1952.06,24.38,26.50,1.00,22.39
1952.07,25.08,26.70,1.00,22.42
1952.08,25.18,26.70,1.00,22.45
1952.09,24.78,26.70,1.00,22.47
1952.1,24.26,26.70,1.00,22.50
1952.11,25.03,26.70,1.00,22.53
1952.12,26.04,26.70,1.00,22.56
1953.01,26.18,26.60,1.00,22.67
1953.02,25.86,26.50,1.00,22.78
1953.03,25.99,26.60,1.00,22.72
1953.04,24.71,26.60,0.98,22.34
1953.05,24.84,26.70,1.00,22.29
1953.06,23.95,26.80,1.02,22.69
1953.07,24.29,26.80,1.00,22.71
1953.08,24.39,26.90,1.01,22.92
1953.09,23.27,26.90,1.02,23.39
1953.1,23.97,27.00,1.00,23.40
1953.11,24.50,26.90,1.01,23.64
1953.12,24.83,26.90,1.01,23.92
1954.01,25.46,26.90,1.00,23.99
1954.02,26.02,26.90,1.01,24.25
1954.03,26.57,26.90,1.01,24.47
1954.04,27.63,26.80,0.99,24.34
1954.05,28.73,26.90,1.00,24.37
1954.06,28.96,26.90,1.01,24.59
1954.07,30.13,26.90,1.00,24.51
1954.08,30.73,26.90,1.00,24.51
1954.09,31.45,26.80,1.00,24.45
1954.1,32.18,26.80,1.00,24.40
1954.11,33.44,26.80,1.00,24.38
1954.12,34.97,26.70,0.99,24.22
1955.01,35.60,26.70,1.00,24.19
1955.02,36.79,26.70,1.00,24.18
1955.03,36.50,26.70,1.00,24.09
1955.04,37.76,26.70,1.00,24.12
1955.05,37.60,26.70,1.00,24.13
1955.06,39.78,26.70,0.99,23.94
1955.07,42.69,26.80,1.00,23.86
1955.08,42.43,26.80,1.00,23.91
1955.09,44.34,26.90,1.01,24.16
1955.1,42.11,26.90,1.00,24.20
1955.11,44.95,26.90,1.00,24.11
1955.12,45.37,26.80,1.01,24.29
1956.01,44.15,26.80,1.01,24.48
1956.02,44.43,26.80,0.99,24.28
1956.03,47.49,26.80,0.98,23.89
1956.04,48.05,26.90,1.01,24.18
1956.05,46.54,27.00,1.01,24.38
1956.06,46.27,27.20,0.99,24.22
1956.07,48.78,27.40,0.98,23.83
1956.08,48.49,27.30,1.00,23.80
1956.09,46.84,27.40,1.01,23.94
1956.1,46.24,27.50,0.99,23.71
1956.11,45.76,27.50,0.99,23.58
1956.12,46.44,27.60,1.01,23.91
1957.01,45.43,27.60,1.01,24.22
1957.02,43.47,27.70,1.00,24.14
1957.03,44.03,27.80,1.00,24.07
1957.04,45.05,27.90,0.99,23.90
1957.05,46.78,28.00,0.99,23.58
1957.06,47.55,28.10,0.99,23.40
1957.07,48.51,28.30,1.00,23.48
1957.08,45.84,28.30,1.00,23.57
1957.09,43.98,28.30,1.00,23.55
1957.1,41.24,28.30,1.02,24.12
1957.11,40.35,28.40,1.05,25.24
1957.12,40.33,28.40,1.01,25.56
1958.01,41.12,28.60,1.01,25.72
1958.02,41.26,28.60,1.01,25.94
1958.03,42.11,28.80,1.01,26.22
1958.04,42.34,28.90,1.00,26.20
1958.05,43.70,28.90,1.00,26.15
1958.06,44.75,28.90,0.98,25.70
1958.07,45.98,29.00,0.97,25.04
1958.08,47.70,28.90,0.98,24.66
1958.09,48.96,28.90,1.00,24.66
1958.1,50.95,28.90,1.01,24.86
1958.11,52.50,29.00,0.99,24.69
1958.12,53.49,28.90,0.99,24.45
1959.01,55.62,29.00,1.01,24.65
1959.02,54.77,28.90,1.00,24.67
1959.03,56.16,28.90,0.99,24.49
1959.04,57.10,29.00,0.99,24.20
1959.05,57.96,29.00,1.00,24.23
1959.06,57.46,29.10,1.00,24.20
1959.07,59.74,29.20,1.00,24.23
1959.08,59.40,29.20,0.98,23.84
1959.09,57.05,29.30,1.02,24.22
1959.1,57.00,29.40,1.00,24.31
1959.11,57.23,29.40,0.99,24.09
1959.12,59.06,29.40,1.00,24.13
1960.01,58.03,29.30,1.02,24.67
1960.02,55.78,29.40,1.02,25.24
1960.03,55.02,29.40,1.00,25.27
1960.04,55.73,29.50,1.00,25.21
1960.05,55.22,29.50,1.02,25.71
1960.06,57.26,29.60,1.02,26.33
1960.07,55.84,29.60,1.01,26.63
1960.08,56.51,29.60,1.00,26.72
1960.09,54.81,29.60,1.00,26.61
1960.1,53.73,29.80,1.00,26.60
1960.11,55.47,29.80,1.01,26.89
1960.12,56.80,29.80,1.00,26.97
1961.01,59.72,29.80,1.01,27.19
1961.02,62.17,29.80,1.01,27.37
1961.03,64.12,29.80,1.00,27.37
1961.04,65.83,29.80,1.01,27.61
1961.05,66.50,29.80,0.99,27.31
1961.06,65.62,29.80,1.00,27.31
1961.07,65.44,30.00,0.99,27.13
1961.08,67.79,29.90,1.01,27.35
1961.09,67.26,30.00,1.01,27.58
1961.1,68.00,30.00,1.00,27.63
1961.11,71.08,30.00,0.99,27.45
1961.12,71.74,30.00,1.00,27.49
1962.01,69.07,30.00,1.01,27.68
1962.02,70.22,30.10,1.01,28.02
1962.03,70.29,30.10,1.01,28.32
1962.04,68.05,30.20,1.00,28.34
1962.05,62.99,30.20,1.00,28.34
1962.06,55.63,30.20,1.00,28.20
1962.07,56.97,30.30,1.01,28.36
1962.08,58.52,30.30,1.00,28.46
1962.09,58.00,30.40,1.01,28.67
1962.1,56.17,30.40,1.00,28.79
1962.11,60.04,30.40,1.01,29.02
1962.12,62.64,30.40,1.01,29.19
1963.01,65.06,30.40,1.00,29.06
1963.02,65.92,30.40,1.00,29.14
1963.03,65.67,30.50,1.00,29.14
1963.04,68.76,30.50,1.01,29.33
1963.05,70.14,30.50,1.00,29.28
1963.06,70.11,30.60,1.00,29.30
1963.07,69.07,30.70,1.00,29.45
1963.08,70.98,30.70,1.00,29.36
1963.09,72.85,30.70,1.00,29.39
1963.1,73.03,30.80,1.00,29.46
1963.11,72.62,30.80,1.00,29.54
1963.12,74.17,30.90,1.00,29.55
1964.01,76.45,30.90,1.01,29.70
1964.02,77.39,30.90,1.00,29.63
1964.03,78.80,30.90,1.00,29.71
1964.04,79.94,30.90,1.01,29.89
1964.05,80.72,30.90,1.01,30.06
1964.06,80.24,31.00,1.00,30.12
1964.07,83.22,31.10,1.00,30.23
1964.08,82.00,31.00,1.00,30.31
1964.09,83.41,31.10,1.00,30.44
1964.1,84.85,31.10,1.01,30.64
1964.11,85.44,31.20,1.00,30.67
1964.12,83.96,31.20,1.00,30.76
1965.01,86.12,31.20,1.00,30.81
1965.02,86.75,31.20,1.00,30.92
1965.03,86.83,31.30,1.00,31.06
1965.04,87.97,31.40,1.00,31.14
1965.05,89.28,31.40,1.00,31.25
1965.06,85.04,31.60,1.00,31.38
1965.07,84.91,31.60,1.00,31.37
1965.08,86.49,31.60,1.00,31.38
1965.09,89.38,31.60,1.00,31.34
1965.1,91.39,31.70,1.00,31.20
1965.11,92.15,31.70,0.99,30.89
1965.12,91.73,31.80,1.00,31.04
1966.01,93.32,31.80,0.99,30.62
1966.02,92.69,32.00,1.00,30.65
1966.03,88.88,32.10,1.01,31.06
1966.04,91.60,32.30,1.00,31.11
1966.05,86.78,32.30,1.00,31.16
1966.06,86.06,32.40,0.99,30.78
1966.07,85.84,32.50,0.99,30.43
1966.08,80.65,32.70,1.01,30.66
1966.09,77.81,32.70,1.02,31.19
1966.1,77.13,32.90,0.99,30.96
1966.11,80.99,32.90,1.03,31.87
1966.12,81.33,32.90,1.02,32.66
1967.01,84.45,32.90,1.00,32.66
1967.02,87.36,32.90,1.01,33.02
1967.03,89.42,33.00,1.00,33.01
1967.04,90.96,33.10,0.98,32.46
1967.05,92.59,33.20,0.99,32.16
1967.06,91.43,33.30,0.99,31.95
1967.07,93.01,33.40,1.00,31.79
1967.08,94.49,33.50,1.00,31.88
1967.09,95.81,33.60,0.99,31.58
1967.1,95.66,33.70,0.98,31.09
1967.11,92.66,33.80,1.01,31.35
1967.12,95.30,33.90,1.02,31.91
1968.01,95.04,34.10,1.00,31.98
1968.02,90.75,34.20,0.99,31.69
1968.03,89.09,34.30,1.01,32.09
1968.04,95.67,34.40,0.99,31.68
1968.05,97.87,34.50,1.02,32.20
1968.06,100.50,34.70,1.02,32.89
1968.07,100.30,34.90,1.01,33.24
1968.08,98.11,35.00,1.00,33.29
1968.09,101.30,35.10,1.00,33.14
1968.1,103.80,35.30,1.00,32.99
1968.11,105.40,35.40,0.98,32.34
1968.12,106.50,35.50,1.00,32.48
1969.01,102.00,35.60,0.99,32.28
1969.02,101.50,35.80,1.00,32.19
1969.03,99.30,36.10,1.01,32.66
1969.04,101.30,36.30,0.99,32.47
1969.05,104.60,36.40,0.99,32.05
1969.06,99.14,36.60,0.99,31.88
1969.07,94.71,36.80,1.01,32.13
1969.08,94.18,37.00,0.97,31.24
1969.09,94.51,37.10,1.01,31.56
1969.1,95.52,37.30,1.00,31.65
1969.11,96.21,37.50,0.97,30.72
1969.12,91.11,37.70,1.00,30.62
1970.01,90.31,37.80,1.05,32.01
1970.02,87.16,38.00,1.02,32.59
1970.03,88.65,38.20,0.98,32.05
1970.04,85.95,38.50,0.97,31.11
1970.05,76.06,38.60,1.01,31.46
1970.06,75.59,38.80,1.03,32.50
1970.07,75.72,39.00,1.00,32.55
1970.08,77.92,39.00,1.02,33.07
1970.09,82.58,39.20,1.01,33.41
1970.1,84.37,39.40,1.04,34.79
1970.11,84.28,39.60,1.04,36.14
1970.12,90.05,39.80,1.02,36.73
1971.01,93.49,39.80,1.01,37.28
1971.02,97.11,39.90,1.04,38.62
1971.03,99.60,40.00,0.99,38.43
1971.04,103.00,40.10,0.96,37.04
1971.05,101.60,40.30,1.00,36.88
1971.06,99.72,40.60,0.99,36.53
1971.07,99.00,40.70,1.02,37.13
1971.08,97.24,40.80,1.04,38.54
1971.09,99.40,40.80,1.02,39.35
1971.1,97.29,40.90,1.01,39.90
1971.11,92.78,40.90,1.00,39.73
1971.12,99.17,41.10,1.00,39.87
1972.01,103.30,41.10,1.00,39.68
1972.02,105.20,41.30,1.01,39.91
1972.03,107.70,41.40,1.00,39.76
1972.04,108.80,41.50,1.01,40.14
1972.05,107.70,41.60,1.01,40.40
1972.06,108.00,41.70,1.01,40.61
1972.07,107.20,41.90,1.00,40.52
1972.08,111.00,42.00,0.98,39.72
1972.09,109.40,42.10,1.01,40.14
1972.1,109.60,42.30,1.02,40.95
1972.11,115.10,42.40,1.00,40.93
1972.12,117.50,42.50,1.00,40.84
1973.01,118.40,42.60,0.99,40.53
1973.02,114.20,42.90,1.00,40.55
1973.03,112.40,43.30,1.01,40.89
1973.04,110.30,43.60,0.99,40.59
1973.05,107.20,43.90,1.00,40.68
1973.06,104.80,44.20,0.99,40.25
1973.07,105.80,44.30,0.99,39.73
1973.08,103.80,45.10,1.03,40.85
1973.09,105.60,45.20,1.03,41.97
1973.1,109.80,45.60,1.01,42.39
1973.11,102.00,45.90,1.00,42.60
1973.12,94.78,46.20,0.99,42.08
1974.01,96.11,46.60,1.01,42.41
1974.02,93.45,47.20,0.99,41.91
1974.03,97.44,47.80,0.99,41.28
1974.04,92.46,48.00,1.00,41.34
1974.05,89.67,48.60,1.01,41.72
1974.06,89.79,49.00,0.99,41.20
1974.07,79.31,49.40,0.99,40.82
1974.08,76.03,50.00,1.01,41.10
1974.09,68.12,50.60,1.02,41.77
1974.1,69.44,51.10,1.02,42.68
1974.11,71.74,51.50,1.02,43.70
1974.12,67.07,51.90,1.00,43.76
1975.01,72.56,52.10,1.01,44.37
1975.02,80.10,52.50,0.98,43.60
1975.03,83.78,52.70,0.97,42.40
1975.04,84.72,52.90,1.02,43.19
1975.05,90.10,53.20,1.02,44.07
1975.06,92.40,53.60,0.99,43.76
1975.07,92.49,54.20,0.98,43.05
1975.08,85.71,54.30,1.00,43.27
1975.09,84.67,54.60,1.03,44.42
1975.1,88.57,54.90,1.01,45.00
1975.11,90.07,55.30,1.01,45.45
1975.12,88.70,55.50,1.02,46.57
1976.01,96.86,55.60,1.00,46.71
1976.02,100.60,55.80,1.01,47.21
1976.03,101.10,55.90,1.02,48.07
1976.04,101.90,56.10,0.98,47.25
1976.05,101.20,56.50,1.01,47.70
1976.06,101.80,56.80,1.01,48.11
1976.07,104.20,57.10,1.01,48.62
1976.08,103.30,57.40,1.02,49.54
1976.09,105.50,57.60,1.02,50.48
1976.1,101.90,57.90,1.01,51.22
1976.11,101.20,58.00,1.04,53.07
1976.12,104.70,58.20,0.98,52.10
1977.01,103.80,58.50,0.99,51.76
1977.02,101.00,59.10,1.00,51.82
1977.03,100.60,59.50,1.01,52.47
1977.04,99.05,60.00,1.00,52.46
1977.05,98.76,60.30,1.02,53.46
1977.06,99.29,60.70,1.00,53.59
1977.07,100.20,61.00,1.00,53.66
1977.08,97.75,61.20,1.01,54.21
1977.09,96.23,61.40,0.99,53.87
1977.1,93.74,61.60,1.00,53.98
1977.11,94.28,61.90,1.00,53.91
1977.12,93.82,62.10,0.99,53.26
1978.01,90.25,62.50,1.00,53.36
1978.02,88.98,62.90,1.01,53.68
1978.03,88.82,63.40,1.00,53.64
1978.04,92.71,63.90,0.99,53.28
1978.05,97.41,64.50,1.00,53.26
1978.06,97.66,65.20,1.00,52.99
1978.07,97.19,65.70,1.02,54.19
1978.08,103.90,66.00,1.01,54.54
1978.09,103.90,66.50,0.99,54.12
1978.1,100.60,67.10,1.00,53.91
1978.11,94.71,67.40,0.99,53.60
1978.12,96.11,67.70,1.00,53.68
1979.01,99.71,68.30,1.01,54.09
1979.02,98.23,69.10,1.01,54.43
1979.03,100.10,69.80,1.00,54.63
1979.04,102.10,70.60,1.00,54.80
1979.05,99.73,71.50,1.03,56.45
1979.06,101.70,72.30,1.00,56.72
1979.07,102.70,73.10,1.00,56.85
1979.08,107.40,73.80,0.99,56.17
1979.09,108.60,74.60,0.95,53.23
1979.1,104.50,75.20,0.99,52.55
1979.11,103.70,75.90,1.02,53.86
1979.12,107.80,76.70,0.98,52.99
1980.01,110.90,77.80,0.92,48.61
1980.02,115.30,78.90,0.99,48.19
1980.03,104.70,80.10,1.09,52.34
1980.04,103.00,81.00,1.09,57.05
1980.05,107.70,81.80,1.03,58.98
1980.06,114.60,82.70,0.98,57.74
1980.07,119.80,82.70,0.96,55.29
1980.08,123.50,83.30,0.99,54.46
1980.09,126.50,84.00,1.00,54.22
1980.1,130.20,84.80,0.96,51.91
1980.11,135.70,85.50,1.00,52.00
1980.12,133.50,86.30,1.03,53.35
1981.01,133.00,87.00,0.98,52.08
1981.02,128.40,87.90,1.01,52.85
1981.03,133.20,88.50,0.98,51.83
1981.04,134.40,89.10,0.99,51.26
1981.05,131.70,89.80,1.05,53.63
1981.06,132.30,90.60,0.97,51.93
1981.07,129.10,91.60,0.98,50.78
1981.08,129.60,92.30,0.99,50.43
1981.09,118.30,93.20,1.02,51.51
1981.1,119.80,93.40,1.11,57.13
1981.11,122.90,93.70,0.99,56.75
1981.12,123.80,94.00,0.97,54.82
1982.01,117.30,94.30,1.02,55.94
1982.02,114.50,94.60,1.04,58.33
1982.03,110.80,94.50,1.01,58.97
1982.04,116.30,94.90,1.03,60.45
1982.05,116.40,95.80,0.98,58.97
1982.06,109.70,97.00,1.03,60.78
1982.07,109.40,97.50,1.06,64.48
1982.08,109.70,97.70,1.05,67.83
1982.09,122.40,97.90,1.10,74.39
1982.1,132.70,98.20,1.03,76.71
1982.11,138.10,98.00,1.01,77.43
1982.12,139.40,97.60,1.01,78.49
1983.01,144.30,97.80,0.99,77.94
1983.02,146.80,97.90,1.02,79.64
1983.03,151.90,97.90,1.02,80.87
1983.04,157.70,98.60,1.01,81.68
1983.05,164.10,99.20,0.98,80.06
1983.06,166.40,99.50,0.98,78.26
1983.07,167.00,99.90,0.98,76.87
1983.08,162.40,100.20,1.02,78.53
1983.09,167.20,100.70,1.02,79.80
1983.1,167.70,101.00,1.00,79.87
1983.11,165.20,101.20,1.00,79.99
1983.12,164.40,101.30,1.02,81.53
1984.01,166.40,101.90,1.00,81.52
1984.02,157.30,102.40,0.98,80.09
1984.03,157.40,102.60,0.99,79.51
1984.04,157.60,103.10,0.97,76.95
1984.05,156.60,103.40,1.00,77.19
1984.06,153.10,103.70,1.02,78.90
1984.07,151.10,104.10,1.05,82.62
1984.08,164.40,104.50,1.02,84.43
1984.09,166.10,105.00,1.03,87.06
1984.1,164.80,105.30,1.04,90.96
1984.11,166.30,105.30,1.01,92.22
1984.12,164.50,105.30,1.02,93.76
1985.01,171.60,105.50,1.00,93.93
1985.02,180.90,106.00,0.99,92.92
1985.03,179.40,106.40,1.04,96.20
1985.04,180.60,106.90,1.04,100.50
1985.05,184.90,107.30,1.05,105.73
1985.06,188.90,107.60,1.00,105.64
1985.07,192.50,107.80,1.01,106.42
1985.08,188.30,108.00,1.01,107.07
1985.09,184.10,108.30,1.02,108.86
1985.1,186.20,108.70,1.04,112.96
1985.11,197.50,109.00,1.04,117.68
1985.12,207.30,109.30,1.01,119.13
1986.01,208.20,109.60,1.04,123.91
1986.02,219.40,109.30,1.07,132.67
1986.03,232.30,108.80,1.04,138.01
1986.04,238.00,108.60,0.98,134.94
1986.05,238.50,108.90,1.00,134.97
1986.06,245.30,109.50,1.04,140.60
1986.07,240.20,109.50,1.02,142.75
1986.08,245.00,109.70,0.99,140.80
1986.09,238.30,110.20,1.01,141.87
1986.1,237.40,110.30,1.02,144.55
1986.11,245.10,110.40,1.02,146.87
1986.12,248.60,110.50,1.01,148.05
1987.01,264.50,111.20,0.99,147.15
1987.02,280.90,111.60,1.01,148.03
1987.03,292.50,112.10,0.95,141.15
1987.04,289.30,112.70,0.97,136.55
1987.05,289.10,113.10,1.02,139.46
1987.06,301.40,113.50,1.00,139.97
1987.07,310.10,113.80,0.99,138.08
1987.08,329.40,114.40,0.96,133.23
1987.09,318.70,115.00,1.00,133.42
1987.1,280.20,115.30,1.05,140.28
1987.11,245.00,115.40,1.00,140.12
1987.12,241.00,115.40,1.03,144.15
1988.01,250.50,115.70,1.04,149.68
1988.02,258.10,116.00,1.00,149.09
1988.03,265.70,116.50,0.98,146.68
1988.04,262.60,117.10,0.98,144.20
1988.05,256.10,117.50,1.02,146.91
1988.06,270.70,118.00,1.00,146.65
1988.07,269.10,118.50,0.99,145.86
1988.08,263.70,119.00,1.03,149.66
1988.09,268.00,119.80,1.02,152.56
1988.1,277.40,120.20,1.00,152.08
1988.11,271.00,120.30,1.00,151.73
1988.12,276.50,120.50,1.01,153.08
1989.01,285.40,121.10,1.00,153.44
1989.02,294.00,121.60,1.00,152.74
1989.03,292.70,122.30,1.02,155.71
1989.04,302.30,123.10,1.03,160.19
1989.05,313.90,123.80,1.05,167.64
1989.06,323.70,124.10,1.02,171.77
1989.07,331.90,124.40,1.00,171.87
1989.08,346.60,124.60,1.00,172.10
1989.09,347.30,125.00,1.02,175.39
1989.1,347.40,125.60,1.02,178.24
1989.11,340.20,125.90,1.01,179.78
1989.12,348.60,126.10,0.98,176.45
1990.01,339.97,127.40,0.99,174.59
1990.02,330.45,128.00,1.00,174.43
1990.03,338.46,128.70,0.99,173.37
1990.04,338.18,128.90,1.01,174.99
1990.05,350.25,129.20,1.03,179.54
1990.06,360.39,129.90,1.01,180.93
1990.07,360.03,130.40,0.99,178.86
1990.08,330.75,131.60,1.00,178.51
1990.09,315.41,132.70,1.02,181.85
1990.1,307.12,133.50,1.03,187.20
1990.11,315.29,133.80,1.03,192.46
1990.12,328.75,133.80,1.01,193.62
1991.01,325.49,134.60,1.02,198.12
1991.02,362.26,134.80,0.99,195.92
1991.03,372.28,135.00,1.01,198.18
1991.04,379.68,135.20,1.00,199.10
1991.05,377.99,135.60,0.99,197.62
1991.06,378.29,136.00,1.01,199.11
1991.07,380.23,136.20,1.03,205.54
1991.08,389.40,136.60,1.02,210.46
1991.09,387.20,137.20,1.01,213.56
1991.1,386.88,137.40,1.01,216.54
1991.11,385.92,137.80,1.03,222.96
1991.12,388.51,137.90,1.01,225.23
1992.01,416.08,138.10,0.98,221.64
1992.02,412.56,138.60,0.99,219.91
1992.03,407.36,139.30,1.01,222.21
1992.04,407.41,139.50,1.01,225.00
1992.05,414.81,139.70,1.02,228.45
1992.06,408.27,140.20,1.04,236.73
1992.07,415.05,140.50,1.02,242.38
1992.08,417.93,140.90,1.02,246.73
1992.09,418.48,141.30,0.99,245.00
1992.1,412.50,141.80,0.99,241.42
1992.11,422.84,142.00,1.01,244.54
1992.12,435.64,141.90,1.02,248.94
1993.01,435.23,142.60,1.03,256.55
1993.02,441.70,143.10,1.03,263.26
1993.03,450.16,143.60,1.01,264.76
1993.04,443.08,144.00,1.00,264.70
1993.05,445.25,144.20,1.01,267.62
1993.06,448.06,144.40,1.02,271.97
1993.07,447.29,144.40,1.01,275.96
1993.08,454.13,144.80,1.03,284.05
1993.09,459.24,145.10,1.01,285.97
1993.1,463.90,145.70,0.97,278.81
1993.11,462.89,145.80,1.00,279.09
1993.12,465.95,145.80,1.01,280.86
1994.01,472.99,146.20,0.99,277.59
1994.02,471.58,146.70,0.97,268.63
1994.03,463.81,147.20,0.97,260.67
1994.04,447.23,147.40,0.99,258.31
1994.05,450.90,147.50,1.01,261.33
1994.06,454.83,148.00,0.99,259.19
1994.07,451.40,148.40,1.01,261.87
1994.08,464.24,149.00,0.99,259.42
1994.09,466.96,149.40,0.99,256.01
1994.1,463.81,149.50,0.99,253.81
1994.11,461.01,149.70,1.02,258.12
1994.12,455.19,149.70,1.01,260.33
1995.01,465.25,150.30,1.03,267.66
1995.02,481.92,150.90,1.03,274.44
1995.03,493.15,151.40,1.02,278.82
1995.04,507.91,151.90,1.04,289.15
1995.05,523.81,152.20,1.04,300.60
1995.06,539.35,152.50,1.00,299.71
1995.07,557.37,152.50,0.99,296.68
1995.08,559.11,152.90,1.03,304.65
1995.09,578.77,153.20,1.02,309.85
1995.1,582.92,153.70,1.01,313.96
1995.11,595.53,153.60,1.02,320.74
1995.12,614.57,153.50,1.01,323.72
1996.01,614.42,154.40,0.99,321.35
1996.02,649.54,154.90,0.97,312.01
1996.03,647.07,155.70,0.99,308.18
1996.04,647.17,156.30,0.99,304.73
1996.05,661.23,156.60,0.99,302.73
1996.06,668.50,156.70,1.01,305.35
1996.07,644.07,157.00,1.02,312.19
1996.08,662.68,157.30,0.99,309.65
1996.09,674.88,157.80,1.03,318.18
1996.1,701.46,158.30,1.03,327.68
1996.11,735.67,158.60,1.00,326.96
1996.12,743.25,158.60,0.98,322.02
1997.01,766.22,159.10,1.02,327.56
1997.02,798.39,159.60,0.99,322.91
1997.03,792.16,160.00,0.99,320.08
1997.04,763.93,160.20,1.02,326.08
1997.05,833.09,160.10,1.02,333.14
1997.06,876.29,160.30,1.03,341.59
1997.07,925.29,160.50,1.00,341.35
1997.08,927.24,160.80,1.01,345.41
1997.09,937.02,161.20,1.02,351.83
1997.1,951.16,161.60,1.02,357.55
1997.11,938.92,161.50,1.01,361.19
1997.12,962.37,161.30,1.03,370.37
1998.01,963.36,161.60,1.00,371.23
1998.02,1023.74,161.90,1.00,370.70
1998.03,1076.83,162.20,1.01,372.73
1998.04,1112.20,162.50,1.00,374.20
1998.05,1108.42,162.80,1.02,380.24
1998.06,1108.39,163.00,1.01,383.15
1998.07,1156.58,163.20,1.01,388.43
1998.08,1074.62,163.40,1.05,406.37
1998.09,1020.64,163.60,1.03,417.07
1998.1,1032.47,164.00,0.98,408.80
1998.11,1144.43,164.00,1.02,416.28
1998.12,1190.05,163.90,1.00,415.59
1999.01,1248.77,164.30,0.98,408.14
1999.02,1246.58,164.50,0.99,402.59
1999.03,1281.66,165.00,1.01,405.91
1999.04,1334.76,166.20,0.98,396.53
1999.05,1332.07,166.20,0.98,387.66
1999.06,1322.55,166.20,1.01,392.78
1999.07,1380.99,166.70,0.99,390.27
1999.08,1327.49,167.10,1.01,392.78
1999.09,1318.17,167.90,0.99,389.18
1999.1,1300.01,168.20,1.01,393.48
1999.11,1391.00,168.30,0.99,388.21
1999.12,1428.68,168.30,0.98,379.56
2000.01,1425.59,168.80,1.02,385.54
2000.02,1388.87,169.80,1.02,395.02
2000.03,1442.21,171.20,1.03,405.05
2000.04,1461.36,171.30,0.97,393.73
2000.05,1418.48,171.50,1.03,405.79
2000.06,1461.96,172.40,1.01,409.36
2000.07,1473.00,172.80,1.02,418.20
2000.08,1485.46,172.80,1.01,421.17
2000.09,1468.05,173.70,1.01,425.12
2000.1,1390.14,174.00,1.01,427.79
2000.11,1378.04,174.10,1.04,445.69
2000.12,1330.93,174.00,1.01,450.39
2001.01,1335.63,175.10,1.01,454.43
2001.02,1305.75,175.80,1.02,463.85
2001.03,1185.85,176.20,0.98,456.75
2001.04,1189.84,176.90,0.99,449.95
2001.05,1270.37,177.70,1.01,455.78
2001.06,1238.71,178.00,1.01,459.19
2001.07,1204.45,177.50,1.03,470.89
2001.08,1178.50,177.50,1.02,481.77
2001.09,1044.64,178.30,1.02,489.81
2001.1,1076.59,177.70,1.00,488.57
2001.11,1129.68,177.40,0.97,473.75
2001.12,1144.93,176.70,1.01,477.60
2002.01,1140.21,177.10,1.01,484.47
2002.02,1100.67,177.80,0.98,472.64
2002.03,1153.79,178.80,1.01,477.28
2002.04,1111.93,179.80,1.01,481.20
2002.05,1079.25,179.80,1.02,491.94
2002.06,1014.02,179.90,1.03,504.88
2002.07,903.59,180.10,1.04,522.75
2002.08,912.55,180.70,1.04,541.37
2002.09,867.81,181.00,1.00,540.01
2002.1,854.63,181.30,0.99,536.94
2002.11,909.93,181.30,1.01,539.62
2002.12,899.18,180.90,1.00,540.56
2003.01,895.84,181.70,1.02,549.04
2003.02,837.03,183.10,1.01,554.90
2003.03,846.63,184.20,0.99,549.85
2003.04,890.03,183.80,1.04,569.55
2003.05,935.96,183.50,1.02,582.77
2003.06,988.00,183.70,0.95,553.39
2003.07,992.54,183.90,0.97,534.41
2003.08,989.53,184.60,1.02,544.15
2003.09,1019.44,185.20,1.00,545.21
2003.1,1038.73,185.00,1.00,546.72
2003.11,1049.90,184.50,1.01,550.00
2003.12,1080.64,184.30,1.01,557.32
2004.01,1132.52,185.20,1.01,562.42
2004.02,1143.36,186.20,1.02,575.92
2004.03,1123.98,187.40,0.96,553.67
2004.04,1133.36,188.00,0.97,539.48
2004.05,1102.78,189.10,1.00,541.18
2004.06,1132.76,189.70,1.02,553.25
2004.07,1105.85,189.40,1.02,565.15
2004.08,1088.94,189.50,1.02,574.05
2004.09,1117.66,189.90,1.01,577.43
2004.1,1117.21,190.90,1.00,575.19
2004.11,1168.94,191.00,1.00,575.34
2004.12,1199.21,190.30,1.00,577.83
2005.01,1181.41,190.70,1.01,582.21
2005.02,1199.63,191.80,0.98,568.88
2005.03,1194.90,193.30,1.02,578.34
2005.04,1164.43,194.60,1.02,589.83
2005.05,1178.28,194.40,1.01,598.61
2005.06,1202.25,194.50,0.99,591.87
2005.07,1222.24,195.40,1.00,590.11
2005.08,1224.27,196.40,1.01,595.07
2005.09,1225.92,198.80,0.98,584.78
2005.1,1191.96,199.20,1.00,583.22
2005.11,1237.37,197.60,1.01,588.69
2005.12,1262.07,196.80,1.01,593.24
2006.01,1278.73,198.30,0.99,588.34
2006.02,1276.65,198.70,0.99,583.61
2006.03,1293.74,199.80,0.98,573.60
2006.04,1302.17,201.50,0.99,570.63
2006.05,1290.01,202.50,1.00,573.06
2006.06,1253.17,202.90,1.01,576.40
2006.07,1260.24,203.50,1.02,588.34
2006.08,1287.15,203.90,1.02,598.18
2006.09,1317.74,202.90,1.00,600.06
2006.1,1363.38,201.80,1.01,608.63
2006.11,1388.64,201.50,1.01,612.90
2006.12,1416.42,201.80,0.99,605.55
2007.01,1424.16,202.42,1.01,609.87
2007.02,1444.80,203.50,1.02,620.04
2007.03,1406.95,205.35,0.99,616.01
2007.04,1463.64,206.69,1.00,615.50
2007.05,1511.14,207.95,0.98,601.20
2007.06,1514.19,208.35,1.01,608.45
2007.07,1520.71,208.30,1.03,626.90
2007.08,1454.62,207.92,1.02,636.84
2007.09,1497.12,208.49,1.00,638.73
2007.1,1539.66,208.94,1.03,660.85
2007.11,1463.39,210.18,1.01,665.82
2007.12,1479.22,210.04,1.03,687.93
2008.01,1378.76,211.08,1.00,690.07
2008.02,1354.87,211.69,1.02,705.50
2008.03,1316.94,213.53,0.99,697.61
2008.04,1370.47,214.82,0.99,688.28
2008.05,1403.22,216.63,0.99,678.19
2008.06,1341.25,218.82,1.01,685.49
2008.07,1257.33,219.96,1.01,694.54
2008.08,1281.47,219.09,1.02,708.31
2008.09,1216.95,218.78,0.99,703.48
2008.1,968.80,216.57,1.03,722.17
2008.11,883.04,212.43,1.10,794.91
2008.12,877.56,210.23,0.99,789.54
2009.01,865.58,211.14,0.97,767.38
2009.02,805.23,212.19,1.01,772.53
2009.03,757.13,212.71,0.99,767.04
2009.04,848.15,213.24,0.97,745.57
2009.05,902.41,213.86,0.97,721.06
2009.06,926.12,215.69,1.02,732.93
2009.07,935.82,215.35,1.00,733.27
2009.08,1009.73,215.83,1.02,747.18
2009.09,1044.55,215.97,1.00,749.92
2009.1,1067.66,216.18,1.00,751.41
2009.11,1088.07,216.33,0.99,741.64
2009.12,1110.38,215.95,0.99,735.27
2010.01,1123.58,216.69,1.01,739.99
2010.02,1089.16,216.74,1.00,739.82
2010.03,1152.05,217.63,0.99,734.81
2010.04,1197.32,218.01,1.04,763.71
2010.05,1125.06,218.18,1.02,780.14
2010.06,1083.36,217.97,1.02,794.92
2010.07,1079.80,218.01,1.03,818.33
2010.08,1087.28,218.31,1.01,823.74
2010.09,1122.08,218.44,1.01,833.49
2010.1,1171.58,218.71,0.98,819.36
2010.11,1198.89,218.80,0.96,784.54
2010.12,1241.53,219.18,0.99,780.10
2011.01,1282.62,220.22,0.99,769.94
2011.02,1321.12,221.31,1.02,783.24
2011.03,1304.49,223.47,1.00,782.18
2011.04,1331.51,224.91,1.03,803.72
2011.05,1338.31,225.96,1.02,817.55
2011.06,1287.29,225.72,1.00,819.59
2011.07,1325.19,225.92,1.06,872.47
2011.08,1185.31,226.55,1.03,899.26
2011.09,1173.88,226.89,0.99,887.10
2011.1,1207.22,226.42,1.01,899.85
2011.11,1226.42,226.23,1.00,903.78
2011.12,1243.32,225.67,1.00,906.09
2012.01,1300.58,226.67,1.00,907.58
2012.02,1352.49,227.66,0.98,892.88
2012.03,1389.24,229.39,1.01,904.11
2012.04,1386.43,230.09,1.02,926.17
2012.05,1341.27,229.82,1.02,942.82
2012.06,1323.48,229.48,1.01,951.89
2012.07,1359.78,229.10,0.99,940.07
2012.08,1403.45,230.38,1.00,937.96
2012.09,1443.42,231.41,1.00,936.75
2012.1,1437.82,231.32,1.01,946.68
2012.11,1394.51,230.22,0.99,941.94
2012.12,1422.29,229.60,0.98,927.13
2013.01,1480.40,230.28,1.00,922.77
2013.02,1512.31,232.17,1.00,925.96
2013.03,1550.83,232.77,1.02,944.31
2013.04,1570.70,232.53,0.99,931.21
2013.05,1639.84,232.95,0.97,902.19
2013.06,1618.77,233.50,0.98,881.83
2013.07,1668.68,233.60,0.99,871.49
2013.08,1670.09,233.88,1.00,868.21
2013.09,1687.17,234.15,1.02,884.63
2013.1,1720.03,233.55,0.99,878.88
2013.11,1783.54,233.07,0.99,867.25
2013.12,1807.78,233.05,1.01,872.34
2014.01,1822.36,233.92,1.02,885.79
2014.02,1817.04,234.78,1.00,887.02
2014.03,1863.52,236.29,1.00,889.80
2014.04,1864.26,237.07,1.02,903.49
2014.05,1889.77,237.90,1.00,902.26
2014.06,1947.09,238.34,1.01,908.96
2014.07,1973.10,238.25,1.01,920.49
2014.08,1961.53,237.85,0.99,913.47
2014.09,1993.23,238.03,1.02,934.01
2014.1,1937.27,237.43,1.00,933.32
2014.11,2044.57,236.15,1.01,945.10
2014.12,2054.27,234.81,1.03,975.04
2015.01,2028.18,233.71,0.99,967.79
2015.02,2082.20,234.72,1.00,964.18
2015.03,2079.99,236.12,1.01,974.51
2015.04,2094.86,236.60,0.98,953.53
2015.05,2111.94,237.81,0.99,941.80
2015.06,2099.29,238.64,1.01,946.99
2015.07,2094.14,238.65,1.02,961.48
2015.08,2039.87,238.32,1.00,963.22
2015.09,1944.41,237.95,1.01,973.59
2015.1,2024.81,237.84,0.98,958.85
2015.11,2080.62,237.34,1.00,962.36
2015.12,2054.08,236.53,1.02,977.08
2016.01,1918.60,236.92,1.03,1006.29
2016.02,1904.42,237.11,0.99,997.78
2016.03,2021.95,238.13,1.01,1006.60
2016.04,2075.54,239.26,1.00,1008.12
2016.05,2065.55,240.23,1.02,1025.31
2016.06,2083.89,241.02,1.01,1039.93
2016.07,2148.90,240.63,1.00,1035.50
2016.08,2170.95,240.85,0.99,1030.22
2016.09,2157.69,241.43,0.99,1019.44
2016.1,2143.02,241.73,0.97,986.35
2016.11,2164.99,241.35,0.97,957.80
2016.12,2246.63,241.43,1.01,964.84
2017.01,2275.12,242.84,1.00,967.65
2017.02,2329.91,243.60,1.00,964.50
2017.03,2366.82,243.80,1.02,981.87
2017.04,2359.31,244.52,1.00,983.76
2017.05,2395.35,244.73,1.01,995.28
2017.06,2433.99,244.96,0.99,985.64
2017.07,2454.10,244.79,1.01,997.20
2017.08,2456.22,245.52,1.00,999.92
2017.09,2492.84,246.82,0.99,987.62
2017.1,2557.00,246.66,1.00,990.44
2017.11,2593.61,246.67,1.00,988.01
2017.12,2664.34,246.52,0.99,974.44
2018.01,2789.80,247.87,0.98,953.00
2018.02,2705.16,248.99,1.00,956.92
2018.03,2702.77,249.55,1.00,956.71
2018.04,2653.63,250.55,0.99,950.30
2018.05,2701.49,251.59,1.01,958.05
2018.06,2754.35,251.99,1.00,962.02
2018.07,2793.64,252.01,1.00,964.34
2018.08,2857.82,252.15,0.99,957.57
2018.09,2901.50,252.44,0.99,947.75
2018.1,2785.46,252.89,1.01,952.66
2018.11,2723.23,252.04,1.03,979.00
2018.12,2567.31,251.23,1.01,991.51
2019.01,2607.39,251.71,1.00,996.34
2019.02,2754.86,252.78,1.01,1008.15
2019.03,2803.98,254.20,1.01,1013.84
2019.04,2903.80,255.55,1.01,1027.60
2019.05,2854.71,256.09,1.03,1060.97
2019.06,2890.17,256.14,1.04,1104.54
2019.07,2996.11,256.57,1.00,1106.04
2019.08,2897.50,256.56,0.99,1100.48
2019.09,2982.16,256.76,1.00,1101.04
2019.1,2977.68,257.35,0.99,1092.62
2019.11,3104.90,257.21,1.00,1089.32
2019.12,3176.75,256.97,1.01,1100.92
2020.01,3278.20,257.97,1.03,1128.89
2020.02,3277.31,258.68,1.06,1197.85
2020.03,2652.39,258.12,1.02,1222.86
2020.04,2761.98,256.39,1.00,1222.36
2020.05,2919.62,256.39,0.99,1216.03
2020.06,3104.66,257.80,1.01,1229.63
2020.07,3207.62,259.10,1.00,1226.72
2020.08,3391.71,259.92,1.00,1223.86
2020.09,3365.52,260.28,0.99,1211.71
2020.1,3418.70,260.39,0.99,1203.31
2020.11,3548.99,260.23,1.00,1197.34
2020.12,3695.31,260.47,0.99,1181.39
2021.01,3793.75,261.58,0.98,1162.64
2021.02,3883.43,263.01,0.97,1126.58
2021.03,3910.51,264.88,1.00,1125.00
2021.04,4141.18,267.05,1.00,1128.60
2021.05,4167.85,269.20,1.01,1140.51
2021.06,4238.49,271.70,1.02,1163.14
2021.07,4363.71,273.00,1.00,1168.75
2021.08,4454.21,273.57,0.99,1160.25
2021.09,4445.54,274.31,0.98,1139.23
2021.1,4460.71,276.59,1.00,1142.82
2021.11,4667.39,277.95,1.01,1153.79
2021.12,4674.77,278.80,0.97,1124.78
2022.01,4573.82,281.15,0.99,1109.18
2022.02,4435.98,283.72,0.98,1091.15
2022.03,4391.27,287.50,0.95,1034.43
2022.04,4391.30,289.11,0.99,1023.44
2022.05,4040.36,292.30,0.98,1005.01
2022.06,3898.95,296.31,1.02,1028.40
2022.07,3911.73,296.28,1.00,1030.89
2022.08,4158.56,296.17,0.95,979.94
2022.09,3850.52,296.81,0.97,945.93
2022.1,3726.05,298.01,1.01,956.06
2022.11,3917.49,297.71,1.03,980.64
2022.12,3912.38,296.80,1.02,999.25
,,,,
