Date,Real Total Stock Return,Real Total Bonds Return
1871.01,,
1871.02,-0.011781083,-0.025576314
1871.03,0.014230496,-0.010482812
1871.04,0.072025887,0.042221161
1871.05,0.053836458,0.027536685
1871.06,0.011919594,0.020005476
1871.07,-0.014177040,0.004191019
1871.08,0.033538329,0.020257381
1871.09,-0.008824594,-0.019337381
1871.1,-0.061831967,-0.011246416
1871.11,0.015613653,0.004202285
1871.12,0.003068675,-0.018450781
1872.01,0.029945499,0.004207918
1872.02,0.008688272,0.003060000
1872.03,0.022032032,-0.011780710
1872.04,0.009850828,-0.018717911
1872.05,0.004451416,0.003109341
1872.06,0.002115177,0.010449373
1872.07,0.013553496,0.018006687
1872.08,-0.014382455,-0.004219020
1872.09,-0.020267572,-0.004148837
1872.1,0.031571912,0.025655770
1872.11,-0.028068266,-0.025876425
1872.12,0.044432717,0.017980770
1873.01,0.012861604,0.003240857
1873.02,-0.009055683,-0.016349281
1873.03,-0.002791262,0.005339872
1873.04,-0.008643183,0.005332523
1873.05,0.029365979,0.027499752
1873.06,0.021376944,0.035781804
1873.07,0.003304886,0.005310476
1873.08,0.005365526,0.005303127
1873.09,-0.071051308,0.005295778
1873.1,-0.059880768,0.028665380
1873.11,0.001776586,0.037449803
1873.12,0.075066783,-0.018285542
1874.01,0.044208189,-0.010195909
1874.02,0.035944206,0.007109146
1874.03,-0.008854167,0.007085230
1874.04,-0.006387141,0.022793202
1874.05,-0.012391413,0.014968499
1874.06,0.025906272,0.031374866
1874.07,-0.001885052,-0.001067914
1874.08,0.016542069,0.015088137
1874.09,0.021812081,0.006941908
1874.1,0.020314704,0.023428358
1874.11,0.023282843,0.015210254
1874.12,-0.000547046,0.006870359
1875.01,0.006011380,0.006846526
1875.02,0.003762849,0.007343193
1875.03,0.019177704,0.007315568
1875.04,0.010535499,-0.000963200
1875.05,-0.008643919,0.032651545
1875.06,0.002584743,0.024446617
1875.07,0.008228691,0.007205217
1875.08,0.001882838,-0.001352257
1875.09,0.005253995,0.015752678
1875.1,-0.010202136,0.007122610
1875.11,0.030954847,0.015778741
1875.12,0.014468035,0.015826538
1876.01,0.035320442,0.015875670
1876.02,0.019058296,0.004753525
1876.03,0.003318584,0.004744303
1876.04,-0.023591287,0.013620781
1876.05,0.004449406,0.041596172
1876.06,0.027077762,0.033157950
1876.07,-0.006024096,0.004707415
1876.08,-0.044382991,-0.004693450
1876.09,-0.063461881,-0.004615607
1876.1,-0.016847497,-0.013583193
1876.11,-0.021161967,-0.004382426
1876.12,-0.016338413,-0.013123918
1877.01,-0.018970300,-0.012816299
1877.02,-0.027165914,0.031345131
1877.03,0.000570590,0.051373147
1877.04,-0.091114358,-0.022963560
1877.05,-0.010784283,-0.013519212
1877.06,-0.011526855,0.061270606
1877.07,0.041327946,-0.004983017
1877.08,0.118621470,0.043404097
1877.09,0.078712809,0.014240270
1877.1,0.026962449,0.004383916
1877.11,0.009703171,0.024459676
1877.12,0.001789366,0.004369263
1878.01,0.035935702,0.035431220
1878.02,-0.006474285,0.014877682
1878.03,0.045568567,0.025788725
1878.04,0.043685078,0.015208144
1878.05,0.041238533,0.037875243
1878.06,0.048877163,0.027211853
1878.07,0.013519523,-0.006896030
1878.08,-0.015297720,-0.006788063
1878.09,0.024698068,0.004366010
1878.1,0.004096927,0.015645348
1878.11,0.012828744,0.015755766
1878.12,0.021786209,0.027703784
1879.01,0.030089771,-0.007212266
1879.02,0.028752439,-0.006554917
1879.03,-0.000658612,0.016405907
1879.04,0.049201535,0.016527273
1879.05,0.049255084,0.004827808
1879.06,0.020964865,0.016634734
1879.07,0.012327968,-0.006880068
1879.08,0.011412954,0.004789289
1879.09,0.005765486,-0.029089934
1879.1,0.053690545,-0.048683291
1879.11,0.003566556,-0.045996042
1879.12,-0.028097060,-0.024810951
1880.01,0.012310071,-0.023987138
1880.02,0.021037182,0.005530664
1880.03,0.013034591,-0.003968707
1880.04,0.019280886,0.044922528
1880.05,-0.047518840,0.035938641
1880.06,0.029003276,0.026187998
1880.07,0.050017397,0.005433157
1880.08,0.039920160,0.005413670
1880.09,-0.008219628,-0.004867076
1880.1,0.032979408,0.005374709
1880.11,0.045845581,-0.004801963
1880.12,0.034409630,-0.004719644
1881.01,0.074459692,0.015473110
1881.02,-0.009602205,-0.006402219
1881.03,0.015059427,0.003630810
1881.04,-0.009365746,-0.006305093
1881.05,0.059315964,0.013649752
1881.06,0.016025641,0.003614662
1881.07,-0.040804092,-0.006321081
1881.08,-0.038724214,-0.015887584
1881.09,-0.025673702,-0.033918964
1881.1,-0.021017923,-0.005701300
1881.11,0.020220781,0.012969014
1881.12,-0.024771136,0.003582368
1882.01,-0.010537992,0.003576986
1882.02,-0.026554458,-0.006341128
1882.03,0.002878526,0.002948021
1882.04,-0.004604900,-0.006254515
1882.05,-0.016514075,-0.006162450
1882.06,-0.009589385,-0.006087345
1882.07,0.070680633,0.012070450
1882.08,0.025123195,-0.006085963
1882.09,0.042188839,0.030809792
1882.1,-0.013837077,0.012328231
1882.11,-0.029367206,0.012417400
1882.12,0.019363760,0.012500046
1883.01,-0.000559361,0.002954993
1883.02,-0.027021497,-0.006362759
1883.03,0.026735418,0.012640701
1883.04,0.035418197,0.012740030
1883.05,-0.002843269,0.012833012
1883.06,0.043757694,0.033181904
1883.07,0.009393016,0.023566367
1883.08,-0.040623909,0.003090165
1883.09,0.026434260,0.013432780
1883.1,-0.022177517,0.003088782
1883.11,0.030586821,0.013530161
1883.12,-0.027069524,-0.007247084
1884.01,-0.024839263,0.003086707
1884.02,0.032282819,0.003710392
1884.03,0.001331454,0.003703719
1884.04,-0.019997799,0.024822871
1884.05,-0.055848611,0.025279656
1884.06,-0.035125448,0.003683700
1884.07,0.016874437,0.014579495
1884.08,0.068697683,0.003670355
1884.09,-0.015403278,0.014695224
1884.1,-0.016178195,0.014811076
1884.11,0.007974516,0.026455499
1884.12,0.015178307,0.015182171
1885.01,-0.017200461,0.003636995
1885.02,0.024742127,-0.007432147
1885.03,0.031309752,0.027322196
1885.04,-0.008361464,-0.007582715
1885.05,0.017300076,0.027572814
1885.06,0.024787648,0.028130978
1885.07,0.030017123,-0.008020949
1885.08,0.060973468,0.003920218
1885.09,0.003766071,0.016005130
1885.1,0.062575269,0.003900621
1885.11,0.056475930,-0.008059677
1885.12,-0.026982745,-0.019463936
1886.01,0.027718198,0.027771761
1886.02,0.023024038,0.001756475
1886.03,-0.005217678,0.013836405
1886.04,0.002335272,0.013995801
1886.05,0.008845749,0.026834160
1886.06,0.062921797,0.014482100
1886.07,0.006125670,-0.010711450
1886.08,-0.001432391,-0.010544901
1886.09,0.029562384,0.001833715
1886.1,0.028785541,0.001844747
1886.11,0.028048673,0.001855779
1886.12,-0.034658590,-0.010351522
1887.01,-0.030985130,-0.021976249
1887.02,-0.015528569,-0.009898482
1887.03,0.026887786,0.001899901
1887.04,0.026308054,0.001910930
1887.05,0.020581897,0.001921959
1887.06,-0.013892669,0.013861196
1887.07,-0.009183911,0.014015035
1887.08,-0.033115542,-0.009972414
1887.09,0.002801446,0.014037355
1887.1,-0.041213407,-0.009950624
1887.11,0.011159068,-0.009800400
1887.12,-0.024679114,-0.021036129
1888.01,0.000019605,-0.009378621
1888.02,0.009698081,0.016130957
1888.03,-0.034011995,0.004567701
1888.04,0.019650680,0.016237020
1888.05,0.029645875,0.016356299
1888.06,-0.015496492,0.016484884
1888.07,0.017794796,-0.007306367
1888.08,0.025238327,0.004497885
1888.09,0.028492063,0.004483927
1888.1,-0.013566063,-0.007208364
1888.11,-0.028253441,-0.007091829
1888.12,-0.015426209,0.004442061
1889.01,0.059714368,0.040301850
1889.02,0.027310398,0.015169492
1889.03,-0.005191599,0.015315830
1889.04,0.001713231,0.003080612
1889.05,0.056425913,0.028155357
1889.06,0.020441729,0.003076494
1889.07,-0.016879236,0.003074436
1889.08,0.016718553,0.003072377
1889.09,0.014974826,-0.009312667
1889.1,-0.014822727,0.003068260
1889.11,-0.005851852,0.003066201
1889.12,-0.014349656,-0.009168791
1890.01,0.040092257,0.028138476
1890.02,-0.007744734,0.001451094
1890.03,-0.004072682,0.001466080
1890.04,0.024305556,0.001481064
1890.05,0.033159118,-0.010867504
1890.06,-0.003855279,0.001511029
1890.07,-0.003882915,0.001526010
1890.08,-0.055151135,-0.034228622
1890.09,-0.024856350,-0.010227469
1890.1,-0.041666667,0.001570945
1890.11,-0.046797575,0.025720361
1890.12,-0.019462137,0.001600896
1891.01,0.069039881,0.013831141
1891.02,0.003940946,-0.008931275
1891.03,-0.026355924,-0.008787738
1891.04,0.024874209,-0.008649609
1891.05,0.011565858,0.015093947
1891.06,0.007489380,0.027616773
1891.07,-0.000525622,0.015533483
1891.08,0.037386443,0.003147100
1891.09,0.098414651,0.015684430
1891.1,0.003439650,0.003144344
1891.11,0.000942503,0.015841443
1891.12,0.033968254,0.003141588
1892.01,0.048441937,0.029195641
1892.02,0.005192075,0.001959453
1892.03,0.041313237,0.028689525
1892.04,0.015129034,0.015522294
1892.05,0.003415619,0.001992531
1892.06,-0.001944943,0.002003556
1892.07,-0.022923195,-0.024355169
1892.08,0.004730276,-0.010987082
1892.09,-0.021426453,0.002036628
1892.1,0.023672445,0.002047651
1892.11,-0.025341007,-0.023309750
1892.12,-0.019592011,-0.010456628
1893.01,-0.015141787,-0.034139340
1893.02,-0.025969724,-0.008475798
1893.03,-0.009035825,0.027940919
1893.04,0.016211541,0.015851765
1893.05,-0.073238907,0.016002104
1893.06,-0.018771793,0.029185544
1893.07,-0.064854311,0.029859136
1893.08,0.021309986,0.044687221
1893.09,0.033654304,-0.036164146
1893.1,0.021049026,-0.009588637
1893.11,0.047374744,0.030197252
1893.12,-0.017349745,0.016996080
1894.01,0.011593806,0.031305188
1894.02,0.032927699,0.018893563
1894.03,0.064224533,0.033850187
1894.04,0.017677384,0.004712730
1894.05,-0.032944931,0.004697623
1894.06,-0.009280303,0.004682519
1894.07,-0.016384409,0.004667417
1894.08,0.012672853,-0.023647562
1894.09,0.005863834,-0.009315401
1894.1,0.000574448,0.033325436
1894.11,0.004095622,0.004607027
1894.12,0.009232575,0.019150520
1895.01,-0.007591085,0.004576845
1895.02,-0.010064706,0.001905710
1895.03,0.004077168,0.001915969
1895.04,0.003378545,-0.039819860
1895.05,0.044262038,-0.011789169
1895.06,0.009312583,-0.011592425
1895.07,0.021575687,0.015681765
1895.08,0.032446939,0.015883977
1895.09,0.009655532,0.001977511
1895.1,-0.011180844,0.001987766
1895.11,-0.030321053,0.001998021
1895.12,-0.042070064,0.016120375
1896.01,0.006248643,0.016333603
1896.02,0.060985630,0.018944945
1896.03,-0.012219101,0.004376495
1896.04,0.027577512,0.019134285
1896.05,0.013888800,0.019341760
1896.06,0.000250359,0.019554595
1896.07,-0.061261574,0.004325301
1896.08,-0.053149752,0.004312505
1896.09,0.056485127,0.004299710
1896.1,-0.003962881,-0.025250748
1896.11,0.041340024,-0.024419247
1896.12,-0.033105023,0.004261334
1897.01,0.033070626,0.033785081
1897.02,-0.005924171,0.003183733
1897.03,0.005980861,0.003180329
1897.04,-0.012930039,0.018150267
1897.05,0.023902072,0.018372376
1897.06,0.050245098,0.003170119
1897.07,0.048009368,0.003166716
1897.08,0.021933756,-0.040452807
1897.09,0.021957201,-0.025097930
1897.1,-0.015246195,0.017487836
1897.11,-0.032157676,0.003153102
1897.12,0.024731183,0.003149699
1898.01,0.030556140,0.003146296
1898.02,-0.013019296,-0.009599913
1898.03,-0.042008898,0.004533542
1898.04,-0.013858423,0.004517911
1898.05,-0.001255141,-0.061583513
1898.06,0.115664696,0.075225288
1898.07,0.021497490,0.018821141
1898.08,0.040572507,0.004455410
1898.09,0.001185958,0.004439790
1898.1,-0.017796261,0.004424173
1898.11,0.036218447,0.004408559
1898.12,0.050160073,-0.009753942
1899.01,0.079067847,0.004377336
1899.02,0.012084248,-0.025230052
1899.03,0.016937401,0.002231617
1899.04,0.001429594,-0.011307904
1899.05,-0.039040638,0.002238702
1899.06,-0.032863241,-0.011121471
1899.07,0.023770971,-0.010942131
1899.08,0.014867678,-0.010766263
1899.09,-0.045377894,-0.035331905
1899.1,-0.014305146,-0.010116525
1899.11,0.009217252,-0.009963171
1899.12,-0.076663092,-0.009812400
1900.01,0.016299834,0.002267039
1900.02,0.008951118,-0.008960094
1900.03,0.011171498,0.002976156
1900.04,0.015974441,0.002972754
1900.05,-0.020750126,0.027431866
1900.06,-0.014261474,0.015348700
1900.07,-0.008508155,-0.009269148
1900.08,0.030053553,0.015341812
1900.09,-0.031631532,-0.009275869
1900.1,0.053145428,0.015334923
1900.11,0.082258735,0.002948938
1900.12,0.077343099,0.015481742
1901.01,0.020022061,-0.009439269
1901.02,0.041896957,0.014539562
1901.03,0.039367816,0.002020722
1901.04,0.101055076,0.014710801
1901.05,-0.047212326,0.002032192
1901.06,0.102953859,0.002037926
1901.07,-0.075703328,-0.010482338
1901.08,0.004606754,-0.010320987
1901.09,-0.013884907,-0.010165499
1901.1,-0.007951042,0.002060864
1901.11,0.012497158,-0.010006926
1901.12,-0.024540722,-0.009856520
1902.01,0.037092065,0.014150702
1902.02,0.011922209,0.001800835
1902.03,0.004502442,0.001809570
1902.04,0.025082131,-0.010107524
1902.05,-0.010947428,-0.009959587
1902.06,-0.014303697,-0.009811936
1902.07,0.025820452,0.001844505
1902.08,0.042024845,0.013638166
1902.09,-0.006332839,-0.009786041
1902.1,-0.091906614,-0.063472720
1902.11,-0.002780688,0.035657760
1902.12,-0.030615130,-0.009246238
1903.01,0.042776607,-0.009115221
1903.02,-0.002627069,0.002046305
1903.03,-0.003055810,0.036211688
1903.04,-0.037369018,0.002060747
1903.05,0.007177851,0.025376718
1903.06,-0.051535088,0.002075188
1903.07,-0.041995125,0.002082409
1903.08,-0.027940389,0.002089629
1903.09,-0.031065403,-0.009423872
1903.1,-0.016687247,0.013758864
1903.11,0.019686719,0.013899251
1903.12,0.050822718,0.002118508
1904.01,-0.002335032,-0.020912457
1904.02,-0.044621316,-0.020245161
1904.03,0.012652882,0.013660861
1904.04,0.040851610,0.013807321
1904.05,0.006231211,0.025874323
1904.06,0.005769231,0.002295906
1904.07,0.045656682,0.002301637
1904.08,0.025830032,-0.009345823
1904.09,0.035977870,-0.009210109
1904.1,0.062348588,0.002318829
1904.11,0.033802034,-0.020194740
1904.12,0.012953896,0.002330291
1905.01,0.024966667,0.002336022
1905.02,0.046987940,0.003249083
1905.03,0.043104814,0.014638809
1905.04,-0.009238490,0.003242275
1905.05,-0.035285104,0.014772722
1905.06,0.014901961,0.003235467
1905.07,0.034512597,0.003232064
1905.08,0.028418124,-0.008173981
1905.09,0.017772658,0.014758950
1905.1,0.017034128,0.003221853
1905.11,-0.013757432,-0.008184076
1905.12,0.016119107,-0.008049810
1906.01,0.037524458,0.003211642
1906.02,-0.004207194,0.001180699
1906.03,-0.021534864,0.001198944
1906.04,-0.010518654,0.001217186
1906.05,-0.034190939,-0.009891727
1906.06,0.016385258,0.001253664
1906.07,0.011220943,0.035795815
1906.08,0.053209907,-0.021205926
1906.09,0.022615943,-0.009819598
1906.1,-0.047847462,-0.020445805
1906.11,0.012928183,-0.009415426
1906.12,-0.016286405,-0.009291968
1907.01,-0.014554154,0.012151081
1907.02,-0.048306437,-0.019416504
1907.03,-0.084948325,0.012349224
1907.04,0.008915170,0.001705687
1907.05,-0.050629678,-0.019152784
1907.06,-0.037794266,-0.008584939
1907.07,0.042764668,0.001750579
1907.08,-0.070570229,0.001765541
1907.09,-0.005865427,0.001780502
1907.1,-0.113024084,-0.008429072
1907.11,-0.012967397,0.044440458
1907.12,0.080041274,0.023599354
1908.01,0.059677606,0.012851834
1908.02,-0.020458655,0.015136896
1908.03,0.046338384,0.003971934
1908.04,0.047393113,-0.007070230
1908.05,0.058739641,0.003957303
1908.06,0.005897772,0.003949988
1908.07,0.029874738,-0.006971969
1908.08,0.047277988,0.003935358
1908.09,-0.006759483,0.003928043
1908.1,0.005466306,-0.006867202
1908.11,0.060374243,-0.006768740
1908.12,0.015618365,-0.006663511
1909.01,0.017759579,0.014580784
1909.02,-0.035222498,-0.008450045
1909.03,0.017518939,0.002111576
1909.04,0.027086104,-0.018535284
1909.05,0.026403948,-0.008094370
1909.06,0.010969477,-0.007980129
1909.07,0.017885204,0.002155652
1909.08,0.017442845,-0.007857044
1909.09,-0.005436905,-0.007738509
1909.1,-0.012097621,-0.017275292
1909.11,-0.010934797,-0.007438788
1909.12,0.005717315,-0.007336063
1910.01,-0.008332762,0.011860471
1910.02,-0.032035384,0.002779586
1910.03,0.009125969,-0.016131784
1910.04,-0.029489001,-0.006584235
1910.05,0.006222333,0.021891151
1910.06,-0.034958240,0.012443828
1910.07,-0.046359890,0.002804543
1910.08,0.038732137,0.012547560
1910.09,0.021049805,0.012648091
1910.1,0.082191531,0.033205635
1910.11,0.023794094,0.023505656
1910.12,-0.023720014,0.002829498
1911.01,0.028637201,0.002834489
1911.02,0.054083205,0.035123927
1911.03,-0.017960889,-0.007447040
1911.04,0.032513752,0.035824033
1911.05,0.025772270,0.003118448
1911.06,0.024173699,0.003120555
1911.07,-0.010831050,-0.007656692
1911.08,-0.073590704,-0.028229273
1911.09,-0.060039372,-0.007208013
1911.1,0.010284506,0.003128983
1911.11,0.055503715,0.013573609
1911.12,0.019348791,0.013694671
1912.01,-0.005070780,-0.007316152
1912.02,-0.014718511,-0.009955596
1912.03,0.012241352,-0.019827651
1912.04,0.004972480,-0.028999980
1912.05,0.003077859,0.000457616
1912.06,0.014075867,0.010401194
1912.07,0.005182672,0.000528839
1912.08,0.017011358,-0.009247070
1912.09,-0.000646552,-0.009116556
1912.1,0.002014030,0.000635584
1912.11,-0.007120596,0.000671142
1912.12,-0.022366679,0.010519584
1913.01,-0.013933726,-0.008975729
1913.02,-0.031182796,0.005645293
1913.03,-0.014492754,0.005627320
1913.04,0.003409091,0.005609350
1913.05,-0.012678419,0.015958304
1913.06,-0.055352667,-0.004687534
1913.07,0.008185301,-0.004601667
1913.08,0.031591738,0.005537503
1913.09,0.004059172,-0.004535646
1913.1,-0.026963658,0.005501599
1913.11,-0.030278330,-0.004471631
1913.12,0.013763975,0.015520367
1914.01,0.045968076,0.005447770
1914.02,0.028102611,0.013056443
1914.03,-0.014298349,0.002931601
1914.04,-0.009425285,0.013171378
1914.05,0.000616800,-0.007187691
1914.06,-0.000305998,0.002948770
1914.07,-0.060281365,-0.007075053
1914.08,-0.014927151,-0.016705672
1914.09,0.004720052,0.002965937
1914.1,0.014612985,0.012902072
1914.11,-0.005237588,-0.006855729
1914.12,-0.028890780,0.012913630
1915.01,0.022458050,0.002988827
1915.02,0.001242391,0.014862425
1915.03,0.040925287,0.014951545
1915.04,0.069157497,-0.005258121
1915.05,-0.028711655,-0.005170766
1915.06,0.015775681,0.004765276
1915.07,0.000682007,0.004753027
1915.08,0.046886184,0.004740779
1915.09,0.041392216,0.004728531
1915.1,0.049160959,-0.005133875
1915.11,0.028837501,-0.005050369
1915.12,0.005902044,0.004691795
1916.01,-0.021448461,-0.004980828
1916.02,-0.009899071,0.002152462
1916.03,-0.008604210,-0.007378621
1916.04,-0.015975623,-0.007275353
1916.05,0.016905996,-0.007173767
1916.06,0.004768219,-0.007073815
1916.07,-0.009385684,0.002219218
1916.08,0.002962319,-0.006962228
1916.09,0.026747514,-0.015812570
1916.1,0.017296200,-0.015479840
1916.11,0.009760071,-0.015158220
1916.12,-0.043899940,-0.006354443
1917.01,-0.027003547,-0.006267363
1917.02,-0.075076998,-0.023794506
1917.03,0.036475637,0.001263019
1917.04,-0.056797606,-0.046390830
1917.05,-0.043408278,-0.014329334
1917.06,0.010406899,-0.014062444
1917.07,-0.006509408,0.017015820
1917.08,-0.038471923,-0.014010082
1917.09,-0.063259335,-0.021165887
1917.1,-0.061442263,-0.013387115
1917.11,-0.075963542,0.001475740
1917.12,-0.040143393,-0.013118166
1918.01,0.045728291,-0.019932467
1918.02,0.030893525,-0.002849604
1918.03,-0.005734474,0.011441507
1918.04,-0.016228783,-0.009881128
1918.05,0.017794570,-0.016519075
1918.06,-0.005319198,-0.009409364
1918.07,-0.011898307,-0.022353409
1918.08,-0.003704296,-0.015318721
1918.09,-0.017814228,-0.014949547
1918.1,0.029293076,-0.014594395
1918.11,0.012608169,-0.014252490
1918.12,-0.025909843,-0.007946891
1919.01,-0.000351266,0.004220804
1919.02,0.028501514,0.019157306
1919.03,0.023740250,-0.011537790
1919.04,0.020300458,-0.017273007
1919.05,0.061908084,-0.011101149
1919.06,0.031865478,0.000780182
1919.07,0.007706115,-0.027940750
1919.08,-0.078426010,-0.016107069
1919.09,0.015121670,-0.004728214
1919.1,0.038515247,-0.015657084
1919.11,-0.045957966,-0.020671492
1919.12,-0.045217753,-0.020176108
1920.01,-0.025772715,-0.019699689
1920.02,-0.087161430,-0.006930541
1920.03,0.064850066,-0.006817463
1920.04,-0.032510701,-0.026278769
1920.05,-0.071457764,-0.011226018
1920.06,-0.026175296,-0.011007705
1920.07,0.009018708,0.008227842
1920.08,-0.009948040,0.028127068
1920.09,0.056790844,0.018472482
1920.1,0.011764668,0.008472214
1920.11,-0.040528578,0.008506413
1920.12,-0.065001516,0.024136864
1921.01,0.072352655,0.024581307
1921.02,0.031418993,0.042289465
1921.03,-0.014266217,0.014851178
1921.04,0.021499442,0.020448816
1921.05,0.059709392,0.032065193
1921.06,-0.069120475,0.014952134
1921.07,-0.002603413,0.003477252
1921.08,-0.006167688,0.009139779
1921.09,0.042692691,0.020633379
1921.1,0.019519667,0.009061886
1921.11,0.065594084,0.014822023
1921.12,0.046856834,0.014816542
1922.01,0.027685360,0.032825923
1922.02,0.027263699,0.003180336
1922.03,0.055300425,0.015198783
1922.04,0.065855943,0.003188856
1922.05,0.043857085,0.003193116
1922.06,-0.004640485,0.003197376
1922.07,0.005901686,-0.002769803
1922.08,0.054992850,0.015292714
1922.09,0.030742733,0.003210155
1922.1,0.020541819,-0.002792857
1922.11,-0.050807975,-0.002752865
1922.12,-0.003375471,-0.002713296
1923.01,0.024586751,0.009198785
1923.02,0.047502809,0.005645522
1923.03,0.020788434,0.005627020
1923.04,-0.036165706,-0.000341825
1923.05,-0.042506410,0.005590026
1923.06,-0.038752064,-0.000343592
1923.07,-0.039658448,-0.006139430
1923.08,0.016281858,0.011414883
1923.09,0.005692829,-0.000329939
1923.1,-0.015064813,-0.000314516
1923.11,0.035370486,0.005479136
1923.12,0.039197904,0.005460668
1924.01,0.037930799,0.005442203
1924.02,0.015432595,0.010584608
1924.03,-0.008374155,0.010605861
1924.04,-0.012070335,0.010627515
1924.05,0.001748039,0.004704582
1924.06,0.024203070,0.004691752
1924.07,0.045431131,-0.001196393
1924.08,0.045457641,0.010575895
1924.09,-0.010593415,-0.001221897
1924.1,-0.013814912,-0.001200490
1924.11,0.060864367,0.004627618
1924.12,0.052576771,-0.001192227
1925.01,0.045884186,0.004601973
1925.02,0.018793041,0.010291643
1925.03,-0.027502695,-0.001365839
1925.04,-0.000263041,0.010268241
1925.05,0.030735626,-0.001388971
1925.06,0.010738970,-0.007073642
1925.07,0.020583107,-0.006955436
1925.08,0.017892643,0.004382015
1925.09,0.027462963,0.004370386
1925.1,0.037298726,0.004358758
1925.11,0.018039459,-0.012391988
1925.12,0.026092028,0.009946317
1926.01,0.019311798,0.004323878
1926.02,0.005632411,0.005420913
1926.03,-0.058522909,0.011048748
1926.04,-0.028952360,-0.000236692
1926.05,0.017279379,0.011007573
1926.06,0.058172297,0.011018903
1926.07,0.058565235,0.016807918
1926.08,0.049977685,0.011075686
1926.09,0.013657992,-0.000466779
1926.1,-0.023877393,-0.000454465
1926.11,0.011676951,-0.000442515
1926.12,0.027103867,0.005216360
1927.01,0.009033708,0.016683890
1927.02,0.029660516,0.008617127
1927.03,0.025598981,0.008649746
1927.04,0.028819394,0.002852217
1927.05,0.032754809,-0.002911989
1927.06,0.005505952,-0.008545198
1927.07,0.044082397,0.020240607
1927.08,0.063436233,0.008679971
1927.09,0.054536472,-0.002948055
1927.1,-0.017306148,-0.002915428
1927.11,0.032529300,0.008644181
1927.12,0.027207894,0.002846684
1928.01,0.007716208,0.002845992
1928.02,0.003343500,0.012585164
1928.03,0.057496151,0.000899736
1928.04,0.066651598,0.000920492
1928.05,0.028364608,-0.004878180
1928.06,-0.040043860,0.006815575
1928.07,0.010938924,0.000982743
1928.08,0.035939892,0.001003488
1928.09,0.061356277,-0.010548305
1928.1,0.029556532,0.006864997
1928.11,0.070846065,0.001065703
1928.12,0.012863299,0.006940743
1929.01,0.076961843,0.001107166
1929.02,0.008145615,0.005154336
1929.03,0.026544736,0.011047984
1929.04,0.002917472,0.011063949
1929.05,0.012010192,-0.000814729
1929.06,0.016074275,-0.000798943
1929.07,0.079408482,-0.006559374
1929.08,0.059603230,0.005040924
1929.09,0.042469546,0.005022037
1929.1,-0.103221512,0.005003155
1929.11,-0.261879243,0.004984277
1929.12,0.049840714,0.010808226
1930.01,0.024221129,0.010823416
1930.02,0.072646578,0.008285993
1930.03,0.047385263,0.008324446
1930.04,0.060604282,-0.003499784
1930.05,-0.050930066,0.008331571
1930.06,-0.092321267,0.008370439
1930.07,-0.005760626,0.014484487
1930.08,-0.002949433,0.008486050
1930.09,-0.002607653,-0.003624267
1930.1,-0.128458847,0.008493175
1930.11,-0.062308090,0.008533782
1930.12,-0.044392622,0.021103724
1931.01,0.048522111,0.015037703
1931.02,0.095091486,0.013141447
1931.03,0.030302748,0.006837299
1931.04,-0.084994535,0.006905633
1931.05,-0.079796754,0.013556034
1931.06,-0.013977531,0.013756384
1931.07,0.038492550,0.000531437
1931.08,-0.024928472,0.000558201
1931.09,-0.138056755,0.007255525
1931.1,-0.121739322,0.007327226
1931.11,0.034316780,0.014252586
1931.12,-0.175494746,0.007519070
1932.01,0.012040414,0.021685470
1932.02,0.013438014,0.019893181
1932.03,0.018360528,0.012789860
1932.04,-0.226991627,0.012819398
1932.05,-0.100557586,0.020242753
1932.06,-0.117880591,0.012934721
1932.07,0.061378407,0.005519079
1932.08,0.524293536,0.012945256
1932.09,0.111598383,0.012978733
1932.1,-0.125909341,0.013013051
1932.11,0.003881077,0.013048229
1932.12,-0.019284283,0.013084286
1933.01,0.061849269,0.020974896
1933.02,-0.098744489,0.019908786
1933.03,0.011229101,0.012052974
1933.04,0.112359551,0.004071859
1933.05,0.293118045,0.004059667
1933.06,0.166521674,-0.003858410
1933.07,0.051459676,-0.026622281
1933.08,-0.053676795,-0.003583140
1933.09,-0.004881287,0.004010907
1933.1,-0.093809074,0.003998720
1933.11,0.027966841,0.003986534
1933.12,0.023176551,0.003974349
1934.01,0.060855901,0.003962165
1934.02,0.069394573,-0.002609985
1934.03,-0.047979240,0.004926141
1934.04,0.020199410,0.004906288
1934.05,-0.098258547,0.004886440
1934.06,0.009442150,-0.002632407
1934.07,-0.043546278,0.004846760
1934.08,-0.035139916,0.004826929
1934.09,-0.034488459,-0.009969472
1934.1,0.019586865,0.012230151
1934.11,0.032115456,0.004767467
1934.12,0.018139601,0.012245775
1935.01,-0.010715760,-0.010047555
1935.02,-0.033296022,-0.003988383
1935.03,-0.059298441,0.003326071
1935.04,0.071515491,-0.003953502
1935.05,0.082626595,0.003307751
1935.06,0.049313120,0.010621939
1935.07,0.055994730,0.003289432
1935.08,0.071048513,0.003280274
1935.09,0.024333040,0.003271115
1935.1,0.029931094,0.003261958
1935.11,0.089225067,-0.004017148
1935.12,0.003003579,0.003243643
1936.01,0.058282209,0.003234487
1936.02,0.060380329,0.001990553
1936.03,0.031645220,0.009306477
1936.04,0.004243310,0.001994771
1936.05,-0.050104542,0.001996881
1936.06,0.038257767,-0.005261872
1936.07,0.054813875,-0.005207542
1936.08,0.015774957,-0.005153957
1936.09,0.014545264,0.002005318
1936.1,0.055694013,0.002007427
1936.11,0.031198604,0.002009536
1936.12,-0.013824885,0.002011646
1937.01,0.027294849,-0.005092726
1937.02,0.033068031,0.003103729
1937.03,-0.004712010,-0.003968244
1937.04,-0.062708988,-0.003926707
1937.05,-0.047373073,-0.003885857
1937.06,-0.033230769,0.003072059
1937.07,0.056477645,-0.003853542
1937.08,0.014249311,0.003056226
1937.09,-0.143649790,-0.003821885
1937.1,-0.140918580,0.003040393
1937.11,-0.076259875,0.009949943
1937.12,-0.003244874,0.009990011
1938.01,0.046854628,0.017143642
1938.02,-0.011112432,0.010710476
1938.03,-0.060235507,0.003580071
1938.04,-0.041339369,-0.003500028
1938.05,0.022649456,0.010672034
1938.06,0.029225117,0.003541904
1938.07,0.204646858,0.003529184
1938.08,0.010393975,0.003516465
1938.09,-0.041023558,0.003503748
1938.1,0.123785714,0.010658825
1938.11,0.004338948,0.003478317
1938.12,-0.025822494,0.003465603
1939.01,-0.011601438,0.003452891
1939.02,0.002605918,0.010287923
1939.03,0.002688172,0.003061827
1939.04,-0.116028623,0.010320567
1939.05,0.040986973,0.003042321
1939.06,0.021742357,0.003032569
1939.07,0.028433946,0.003022818
1939.08,-0.010603473,0.003013067
1939.09,0.086999275,-0.018337180
1939.1,0.021207629,0.010157807
1939.11,-0.013953488,0.002983818
1939.12,-0.019600105,0.002974069
1940.01,0.005724117,0.010179891
1940.02,-0.009385080,-0.003398241
1940.03,-0.001432079,0.003755513
1940.04,0.014243258,0.003739474
1940.05,-0.133365030,0.003723438
1940.06,-0.087410119,-0.003411087
1940.07,0.046170658,0.010860599
1940.08,0.026554329,0.003675347
1940.09,0.047630719,0.003659322
1940.1,0.014659768,0.003643301
1940.11,0.028502641,0.003627282
1940.12,-0.042736202,-0.003506544
1941.01,0.007228023,0.003595253
1941.02,-0.057214321,-0.002196457
1941.03,0.004671100,-0.009180299
1941.04,-0.032247878,-0.009088234
1941.05,-0.022682701,-0.008996869
1941.06,0.019845478,-0.022390460
1941.07,0.057149360,-0.001980433
1941.08,-0.012648213,-0.015334109
1941.09,-0.004707976,-0.015114120
1941.1,-0.046938653,-0.014898778
1941.11,-0.047033330,-0.008289771
1941.12,-0.064859251,-0.008205177
1942.01,0.013025854,-0.014438837
1942.02,-0.031025609,-0.004364887
1942.03,-0.059591763,-0.010547282
1942.04,-0.040633368,-0.004245334
1942.05,0.006103016,-0.010315388
1942.06,0.057377049,0.001979528
1942.07,0.037320216,-0.004129410
1942.08,-0.005741056,-0.004091689
1942.09,0.016492045,0.001981620
1942.1,0.066659883,-0.010017471
1942.11,0.015379113,-0.003981170
1942.12,0.004492543,-0.003945186
1943.01,0.065038515,0.001984409
1943.02,0.064337628,0.001985107
1943.03,0.022004463,-0.015490693
1943.04,0.025935617,-0.009530585
1943.05,0.037669830,-0.003738442
1943.06,0.021797028,0.001987896
1943.07,0.030636826,0.007747149
1943.08,-0.039848507,0.007781136
1943.09,0.019659676,-0.003768575
1943.1,-0.004981005,0.001990686
1943.11,-0.042040776,0.001991383
1943.12,0.017725802,0.001992080
1944.01,0.036682150,0.001992778
1944.02,-0.002414437,0.002872161
1944.03,0.032427074,0.002864876
1944.04,-0.018702088,-0.002873024
1944.05,0.022054016,0.002850306
1944.06,0.045472154,-0.002854951
1944.07,0.024390943,-0.002830002
1944.08,-0.010534186,0.002828453
1944.09,-0.012230029,0.002821169
1944.1,0.028835979,0.002813885
1944.11,-0.002840176,0.002806601
1944.12,0.020236989,-0.002834386
1945.01,0.033863441,0.002792035
1945.02,0.037352774,0.003300420
1945.03,0.003168341,0.003288874
1945.04,0.029014118,0.003277329
1945.05,0.035789269,-0.002339051
1945.06,0.010582173,-0.007831439
1945.07,-0.016935426,0.003242701
1945.08,0.007085403,0.003231160
1945.09,0.071813891,0.003219620
1945.1,0.045138889,0.003208081
1945.11,0.036060606,0.003196543
1945.12,0.014640729,-0.002327000
1946.01,0.043021095,0.003173470
1946.02,0.011445913,0.006912269
1946.03,-0.037384468,-0.009560030
1946.04,0.061890796,-0.004053996
1946.05,-0.000252986,-0.004020328
1946.06,-0.014045774,-0.009313248
1946.07,-0.079601558,-0.054232245
1946.08,-0.035701159,-0.018424384
1946.09,-0.152599147,-0.008408043
1946.1,-0.037555647,-0.017843988
1946.11,-0.023566132,-0.022089224
1946.12,0.024361613,-0.007893038
1947.01,0.009216419,0.001426793
1947.02,0.042716782,0.000469943
1947.03,-0.054303219,-0.017789478
1947.04,-0.032908240,0.000498468
1947.05,-0.013546421,0.000512729
1947.06,0.034560036,-0.004020862
1947.07,0.057379819,-0.008472638
1947.08,-0.028662016,-0.012785236
1947.09,-0.042884161,-0.021181756
1947.1,0.030360043,0.000584016
1947.11,-0.011507432,-0.003733324
1947.12,-0.023810723,-0.012215843
1948.01,-0.021179864,-0.012039387
1948.02,-0.036334723,0.011523244
1948.03,0.023563628,0.007264884
1948.04,0.063693659,-0.013886522
1948.05,0.048893749,-0.001234906
1948.06,0.037192597,-0.005370207
1948.07,-0.031591799,-0.009386761
1948.08,-0.028831331,-0.001157623
1948.09,-0.006744040,0.002927463
1948.1,0.036219739,0.007029256
1948.11,-0.043062156,0.011198919
1948.12,0.002671722,0.007063293
1949.01,0.020619988,0.007072067
1949.02,-0.025060547,0.010270127
1949.03,0.015007899,0.001851907
1949.04,0.000008729,-0.002339248
1949.05,0.002440731,0.006062769
1949.06,-0.053031633,-0.002337859
1949.07,0.071641717,0.010309166
1949.08,0.037364859,-0.002354083
1949.09,0.014486091,-0.002335775
1949.1,0.040302892,0.010311276
1949.11,0.015364754,-0.002351999
1949.12,0.041339204,0.010348507
1950.01,0.030717710,0.006122110
1950.02,0.025276461,0.000091221
1950.03,0.009504353,-0.004127333
1950.04,0.033909702,0.000129622
1950.05,0.034806185,-0.004071219
1950.06,0.017399151,-0.004034374
1950.07,-0.078656749,-0.012263259
1950.08,0.057805107,-0.008025758
1950.09,0.037014779,-0.003873706
1950.1,0.038901734,-0.007887308
1950.11,-0.000108343,-0.003785706
1950.12,-0.009882501,-0.011720273
1951.01,0.063185945,-0.015450491
1951.02,0.030976227,-0.010348462
1951.03,-0.014893704,-0.002532869
1951.04,0.019314725,0.001356315
1951.05,0.002450717,-0.002501967
1951.06,-0.011399909,0.001372294
1951.07,0.023614346,0.001380283
1951.08,0.049602257,0.001388272
1951.09,0.023406408,-0.006277274
1951.1,-0.003663597,-0.002417905
1951.11,-0.030068618,-0.006174220
1951.12,0.032087934,-0.002358720
1952.01,0.038350171,0.001428212
1952.02,-0.005805624,0.008759787
1952.03,0.007508772,0.001157570
1952.04,-0.001730742,-0.002623672
1952.05,0.004633530,0.001179697
1952.06,0.028587331,-0.002587319
1952.07,0.025925474,-0.006297817
1952.08,0.008805157,0.001212884
1952.09,-0.011086841,0.001223945
1952.1,-0.016153249,0.001235005
1952.11,0.036628641,0.001246065
1952.12,0.045045945,0.001257125
1953.01,0.013685207,0.005032350
1953.02,-0.003990516,0.008673213
1953.03,0.005775387,0.001082738
1953.04,-0.044718065,-0.002729030
1953.05,0.006255766,-0.020131207
1953.06,-0.034680913,-0.006294384
1953.07,0.019137091,0.018066089
1953.08,0.005237723,-0.002996245
1953.09,-0.041068744,0.009355489
1953.1,0.031368609,0.016898410
1953.11,0.030935510,0.004195950
1953.12,0.018401361,0.010096874
1954.01,0.030261344,0.011820022
1954.02,0.026784924,0.002945423
1954.03,0.025845503,0.010888108
1954.04,0.048381490,0.012831169
1954.05,0.040323378,-0.008853793
1954.06,0.012211393,0.001092446
1954.07,0.044592167,0.009070926
1954.08,0.023960975,-0.003383740
1954.09,0.031249848,0.003933654
1954.1,0.027168336,-0.002418873
1954.11,0.043082323,-0.002366677
1954.12,0.053522361,0.003178645
1955.01,0.021701149,-0.006637257
1955.02,0.037063038,-0.001309907
1955.03,-0.004349008,-0.000401609
1955.04,0.038089795,-0.003836243
1955.05,-0.000779771,0.001424997
1955.06,0.061458333,0.000568312
1955.07,0.072459479,-0.011715766
1955.08,-0.002960627,-0.003589748
1955.09,0.044300387,-0.001251673
1955.1,-0.047235998,0.010230613
1955.11,0.070674681,0.001538675
1955.12,0.016161683,0.000116975
1956.01,-0.023822643,0.007632163
1956.02,0.009550774,0.007596918
1956.03,0.072117188,-0.007934932
1956.04,0.011095876,-0.019880957
1956.05,-0.031943036,0.008295695
1956.06,-0.009912409,0.001140351
1956.07,0.049793591,-0.014125308
1956.08,0.000828191,-0.012362383
1956.09,-0.034402458,-0.005077334
1956.1,-0.013196778,0.002530491
1956.11,-0.007184743,-0.009775274
1956.12,0.014340336,-0.009028371
1957.01,-0.018632160,0.013891159
1957.02,-0.043429643,0.009344372
1957.03,0.012543519,-0.006685423
1957.04,0.022761308,-0.006595171
1957.05,0.037881917,-0.010641203
1957.06,0.015913564,-0.017013876
1957.07,0.016007327,-0.014509667
1957.08,-0.052033945,0.003275000
1957.09,-0.037376382,0.004095549
1957.1,-0.058947249,-0.000826526
1957.11,-0.021441960,0.020409016
1957.12,0.003201157,0.046366501
1958.01,0.016117509,0.005829994
1958.02,0.007005249,0.005994241
1958.03,0.017063624,0.001541445
1958.04,0.005447101,0.007602063
1958.05,0.035552137,-0.001040394
1958.06,0.027326468,-0.001856963
1958.07,0.027153471,-0.020436061
1958.08,0.044143484,-0.022361537
1958.09,0.029437456,-0.015237524
1958.1,0.043601358,-0.000167309
1958.11,0.029710345,0.004655229
1958.12,0.025169990,-0.003320714
1959.01,0.038962260,-0.013265384
1959.02,-0.009223873,0.011752925
1959.03,0.028071937,0.000846372
1959.04,0.015859130,-0.010666561
1959.05,0.017663938,-0.011877018
1959.06,-0.009468650,-0.002262874
1959.07,0.038715989,-0.004618639
1959.08,-0.003175803,0.001262628
1959.09,-0.040309619,-0.019470348
1959.1,-0.001630207,0.012409497
1959.11,0.006700775,0.003775000
1959.12,0.034640923,-0.008893754
1960.01,-0.011443594,0.004954429
1960.02,-0.039318569,0.018836032
1960.03,-0.010726664,0.023134908
1960.04,0.012404216,-0.002272750
1960.05,-0.006240400,-0.002063552
1960.06,0.036372783,0.016415738
1960.07,-0.021961229,0.023991218
1960.08,0.014908668,0.011501606
1960.09,-0.027207574,0.003166667
1960.1,-0.023338709,-0.010911652
1960.11,0.035408524,-0.000039000
1960.12,0.026906436,0.010687576
1961.01,0.054264481,0.003200000
1961.02,0.043736506,0.008155596
1961.03,0.033966007,0.006459919
1961.04,0.029190060,-0.000187064
1961.05,0.012633551,0.008950498
1961.06,-0.010802005,-0.010883735
1961.07,-0.006935776,-0.006715205
1961.08,0.041871093,-0.003202361
1961.09,-0.008724164,0.004915289
1961.1,0.013455248,0.008239963
1961.11,0.047745098,0.001627098
1961.12,0.011653536,-0.006499243
1962.01,-0.034863547,0.001754420
1962.02,0.015717275,0.003319497
1962.03,0.003417830,0.012388500
1962.04,-0.032655286,0.007340928
1962.05,-0.071842603,0.000732601
1962.06,-0.114118643,-0.000058729
1962.07,0.023793534,-0.008196927
1962.08,0.030240082,0.005796438
1962.09,-0.009193888,0.000016283
1962.1,-0.028539267,0.007417500
1962.11,0.072033307,0.004095549
1962.12,0.046260826,0.008203770
1963.01,0.041475987,0.005688680
1963.02,0.015963892,-0.004193278
1963.03,-0.004349700,-0.000840210
1963.04,0.049802891,0.000000446
1963.05,0.022715884,0.006589000
1963.06,-0.001089014,-0.004894896
1963.07,-0.015432477,-0.002385380
1963.08,0.030315465,0.004984990
1963.09,0.028940077,-0.003182319
1963.1,0.001762473,-0.002289834
1963.11,-0.003039082,0.002612057
1963.12,0.020646554,-0.000623960
1964.01,0.033320604,0.000197439
1964.02,0.014817233,0.005098622
1964.03,0.020728346,-0.002205905
1964.04,0.016948678,0.002707865
1964.05,0.012220968,0.005954785
1964.06,-0.006703979,0.002688225
1964.07,0.036288241,-0.001367005
1964.08,-0.009050308,0.006728737
1964.09,0.016396100,-0.000542319
1964.1,0.019721856,0.004310304
1964.11,0.006153897,0.003512182
1964.12,-0.014883739,0.001026292
1965.01,0.028224422,0.002673029
1965.02,0.009766731,0.001872562
1965.03,0.000166097,0.000302236
1965.04,0.012361227,0.001119796
1965.05,0.017344928,0.002690448
1965.06,-0.051098840,-0.002842985
1965.07,0.001045263,0.004318262
1965.08,0.021202185,-0.000540259
1965.09,0.035977184,0.000315447
1965.1,0.021753550,-0.004401530
1965.11,0.010777984,-0.004381061
1965.12,-0.005236085,-0.012909507
1966.01,0.019822668,0.004644718
1966.02,-0.010509537,-0.019632032
1966.03,-0.041600386,-0.002234135
1966.04,0.026827521,0.007257976
1966.05,-0.050060653,0.001592747
1966.06,-0.008648442,-0.001470420
1966.07,-0.002874202,-0.015408527
1966.08,-0.063438587,-0.017320298
1966.09,-0.032227733,0.007446914
1966.1,-0.011695907,0.011395206
1966.11,0.053153410,-0.007449023
1966.12,0.007151089,0.029463526
1967.01,0.041313169,0.024724593
1967.02,0.037310045,-0.000153267
1967.03,0.023236775,0.007970175
1967.04,0.016843356,-0.003214484
1967.05,0.017502784,-0.019573005
1967.06,-0.012891496,-0.012192037
1967.07,0.016876564,-0.009639810
1967.08,0.015482132,-0.007918828
1967.09,0.013519529,-0.000124721
1967.1,-0.001996099,-0.012270348
1967.11,-0.031690661,-0.018715922
1967.12,0.028075702,0.005597412
1968.01,-0.006030270,0.011735278
1968.02,-0.045360556,-0.000605378
1968.03,-0.018453124,-0.011842655
1968.04,0.073500009,0.009422706
1968.05,0.022615822,-0.015421449
1968.06,0.023485029,0.010366889
1968.07,-0.005233252,0.015699573
1968.08,-0.022130044,0.007822172
1968.09,0.032139197,-0.001394229
1968.1,0.021363001,-0.010213289
1968.11,0.014992898,-0.007236488
1968.12,0.010010557,-0.022596946
1969.01,-0.042540574,0.001459294
1969.02,-0.007950761,-0.011614977
1969.03,-0.027280997,-0.011224353
1969.04,0.017115932,0.009283188
1969.05,0.032299339,-0.008620720
1969.06,-0.054898094,-0.018309226
1969.07,-0.047253981,-0.010767481
1969.08,-0.008220387,0.002322844
1969.09,0.003578770,-0.030348319
1969.1,0.008032980,0.004812517
1969.11,0.004591006,-0.002269852
1969.12,-0.055310319,-0.034569701
1970.01,-0.008517198,-0.005912534
1970.02,-0.037052780,0.039824486
1970.03,0.014784849,0.012796229
1970.04,-0.035051965,-0.024218192
1970.05,-0.114287492,-0.032015297
1970.06,-0.007835987,0.006193120
1970.07,0.000074208,0.027809298
1970.08,0.032561487,0.001336403
1970.09,0.057791973,0.010911250
1970.1,0.019675802,0.005249325
1970.11,-0.003009711,0.036061994
1970.12,0.066182240,0.033471225
1971.01,0.041097538,0.016395803
1971.02,0.038891485,0.012307195
1971.03,0.025739046,0.033504695
1971.04,0.034150459,-0.007504082
1971.05,-0.015989233,-0.040979997
1971.06,-0.023232508,-0.011509160
1971.07,-0.007078033,-0.012164614
1971.08,-0.017587754,0.014021228
1971.09,0.024861168,0.038103309
1971.1,-0.021041820,0.018336761
1971.11,-0.043720946,0.013970884
1971.12,0.066415276,-0.008984954
1972.01,0.044225404,0.003446248
1972.02,0.015925957,-0.009525161
1972.03,0.023717400,0.003380865
1972.04,0.010149008,-0.006218573
1972.05,-0.010144080,0.007181561
1972.06,0.002750483,0.004179161
1972.07,-0.009785242,0.000294093
1972.08,0.035368405,-0.004674255
1972.09,-0.014448653,-0.021903288
1972.1,-0.000555898,0.005791595
1972.11,0.050077364,0.017728734
1972.12,0.020724690,-0.002990980
1973.01,0.007527694,-0.004351162
1973.02,-0.040007044,-0.014606468
1973.03,-0.022562267,-0.008768352
1973.04,-0.023089113,0.001548765
1973.05,-0.032343192,-0.014154626
1973.06,-0.026537315,-0.004677056
1973.07,0.009830987,-0.012802017
1973.08,-0.033789602,-0.030497361
1973.09,0.017709719,0.025925163
1973.1,0.033238454,0.018501659
1973.11,-0.074589042,0.003389900
1973.12,-0.074074675,-0.001638720
1974.01,0.008292074,-0.020709230
1974.02,-0.037109006,-0.004843674
1974.03,0.032637476,-0.024278555
1974.04,-0.052115333,-0.019029823
1974.05,-0.039050587,-0.010974124
1974.06,-0.003609835,0.000866587
1974.07,-0.120619239,-0.020310042
1974.08,-0.049164712,-0.021065516
1974.09,-0.110773745,-0.005237154
1974.1,0.013756050,0.006360490
1974.11,0.029380626,0.013884915
1974.12,-0.068152067,0.016014424
1975.01,0.082186429,-0.002538772
1975.02,0.099659428,0.006240581
1975.03,0.045776804,-0.021069502
1975.04,0.011046565,-0.031052821
1975.05,0.061121765,0.012697723
1975.06,0.021279769,0.012846182
1975.07,-0.006797948,-0.018068218
1975.08,-0.071675295,-0.017923589
1975.09,-0.013974470,-0.000533585
1975.1,0.043966687,0.021104769
1975.11,0.013026701,0.005591171
1975.12,-0.015366693,0.006483704
1976.01,0.093485721,0.022785501
1976.02,0.038050257,-0.000591671
1976.03,0.006223571,0.008830534
1976.04,0.007369546,0.014648011
1976.05,-0.010866296,-0.023984964
1976.06,0.003695675,0.004001333
1976.07,0.021284021,0.003315219
1976.08,-0.010779519,0.005382387
1976.09,0.020846078,0.015453294
1976.1,-0.036050059,0.013660718
1976.11,-0.005329842,0.012880072
1976.12,0.034353225,0.032656580
1977.01,-0.010436191,-0.023347720
1977.02,-0.033560776,-0.016703005
1977.03,-0.007222606,-0.005468049
1977.04,-0.020124022,0.004097520
1977.05,-0.004285882,-0.005126531
1977.06,0.002396104,0.012189518
1977.07,0.007882260,-0.002380420
1977.08,-0.023947569,-0.002071621
1977.09,-0.014932729,0.007093479
1977.1,-0.025105071,-0.009663910
1977.11,0.004967468,-0.002763974
1977.12,-0.003969500,-0.004515477
1978.01,-0.040048351,-0.018389846
1978.02,-0.015977642,-0.004513224
1978.03,-0.005210472,-0.001924075
1978.04,0.040131408,-0.008584226
1978.05,0.045261498,-0.015905929
1978.06,-0.004041917,-0.011140125
1978.07,-0.008197467,-0.012484978
1978.08,0.068434172,0.017987707
1978.09,-0.003522763,-0.001228959
1978.1,-0.036415626,-0.016477455
1978.11,-0.058571783,-0.008448996
1978.12,0.014726366,-0.010147612
1979.01,0.032737882,-0.007155992
1979.02,-0.021988797,-0.004081886
1979.03,0.013184561,-0.003810567
1979.04,0.012740536,-0.007670271
1979.05,-0.031241766,-0.009509562
1979.06,0.012882431,0.018647317
1979.07,0.003154975,-0.006194815
1979.08,0.040228184,-0.007276833
1979.09,0.004558951,-0.022433237
1979.1,-0.041200878,-0.059901873
1979.11,-0.012380405,-0.021901700
1979.12,0.033187480,0.014238394
1980.01,0.018555558,-0.030142848
1980.02,0.029441014,-0.095388610
1980.03,-0.101408907,-0.023593799
1980.04,-0.022565764,0.074175498
1980.05,0.040126282,0.079245344
1980.06,0.057033005,0.022564600
1980.07,0.049726098,-0.021038617
1980.08,0.027621446,-0.049331917
1980.09,0.019817420,-0.023141741
1980.1,0.023519651,-0.013819992
1980.11,0.037601052,-0.050395104
1980.12,-0.021584147,-0.007667770
1981.01,-0.007922138,0.017709198
1981.02,-0.040601504,-0.033726960
1981.03,0.034398243,0.007983798
1981.04,0.006139594,-0.025982268
1981.05,-0.023819179,-0.018678303
1981.06,-0.000306863,0.036892858
1981.07,-0.030832430,-0.042189756
1981.08,0.000408578,-0.029559765
1981.09,-0.091854131,-0.016462876
1981.1,0.015119933,0.019279061
1981.11,0.027163565,0.105420276
1981.12,0.008589344,-0.009846686
1982.01,-0.051049567,-0.037114981
1982.02,-0.022228268,0.017336259
1982.03,-0.026394399,0.043767730
1982.04,0.050270116,0.006751293
1982.05,-0.003730319,0.015491440
1982.06,-0.064404072,-0.036656294
1982.07,-0.002692167,0.025379675
1982.08,0.005886574,0.058805919
1982.09,0.118683830,0.049811695
1982.1,0.085492209,0.093360845
1982.11,0.047136007,0.033278030
1982.12,0.017712946,0.013542213
1983.01,0.037140214,0.011635642
1983.02,0.020264633,-0.008134489
1983.03,0.038663715,0.021835702
1983.04,0.034581953,0.008337690
1983.05,0.037929402,0.003793795
1983.06,0.014472158,-0.022781517
1983.07,0.003058948,-0.026298376
1983.08,-0.026983847,-0.020801865
1983.09,0.028018770,0.016532516
1983.1,0.003504632,0.013170172
1983.11,-0.013353080,-0.001144622
1983.12,-0.002252059,0.000601166
1984.01,0.009793526,0.013233417
1984.02,-0.055740039,-0.005051580
1984.03,0.002481528,-0.019455198
1984.04,0.000220575,-0.012031862
1984.05,-0.005396911,-0.034948594
1984.06,-0.021299539,0.000116125
1984.07,-0.012879379,0.018333205
1984.08,0.087898259,0.043092896
1984.09,0.009252549,0.017062814
1984.1,-0.006936261,0.028182197
1984.11,0.012884304,0.044848793
1984.12,-0.007050511,0.013772115
1985.01,0.045012805,0.014771187
1985.02,0.052904584,-0.002909944
1985.03,-0.008504713,-0.014482141
1985.04,0.005534254,0.030485537
1985.05,0.023538754,0.040771492
1985.06,0.022263541,0.049119993
1985.07,0.020589904,-0.002679495
1985.08,-0.020256377,0.005488234
1985.09,-0.021553100,0.003349417
1985.1,0.011229772,0.012977085
1985.11,0.061285077,0.034809148
1985.12,0.050063503,0.038949365
1986.01,0.004775519,0.009490299
1986.02,0.059889630,0.042993174
1986.03,0.066722698,0.075616888
1986.04,0.029315955,0.042202062
1986.05,0.002159241,-0.024971284
1986.06,0.025690532,-0.005257004
1986.07,-0.018024416,0.041711370
1986.08,0.020958809,0.013439624
1986.09,-0.028973447,-0.018089797
1986.1,-0.001798706,0.006695281
1986.11,0.034397541,0.017972665
1986.12,0.016174615,0.015063986
1987.01,0.060025320,0.001712501
1987.02,0.060809218,-0.009660510
1987.03,0.039114494,0.001554416
1987.04,-0.013825374,-0.051587151
1987.05,-0.001797274,-0.035997258
1987.06,0.041318904,0.017675630
1987.07,0.028515330,0.001004263
1987.08,0.058969334,-0.018628538
1987.09,-0.035351795,-0.040167777
1987.1,-0.120819297,-0.001158044
1987.11,-0.123779221,0.050473504
1987.12,-0.013329932,-0.001128101
1988.01,0.039778496,0.026062824
1988.02,0.030628844,0.035678272
1988.03,0.027905033,-0.008189954
1988.04,-0.013909549,-0.021245957
1988.05,-0.025182912,-0.020202571
1988.06,0.055520787,0.014421784
1988.07,-0.007252160,-0.005917869
1988.08,-0.021290689,-0.009574725
1988.09,0.012489267,0.019204971
1988.1,0.034589764,0.015971753
1988.11,-0.020989923,-0.003984259
1988.12,0.021594946,-0.003960317
1989.01,0.030016954,0.003896921
1989.02,0.028775227,-0.001744632
1989.03,-0.007299029,-0.010302272
1989.04,0.028939235,0.012865145
1989.05,0.035295269,0.022900616
1989.06,0.031473602,0.043997165
1989.07,0.025536335,0.022174014
1989.08,0.045258031,-0.001041386
1989.09,0.001384724,-0.001866042
1989.1,-0.001912258,0.014246943
1989.11,-0.020444840,0.013870594
1989.12,0.025771047,0.007022140
1990.01,-0.032071776,-0.028528182
1990.02,-0.029818919,-0.015200929
1990.03,0.021507994,-0.006367329
1990.04,0.000433915,-0.007590215
1990.05,0.036126517,0.006964890
1990.06,0.026165240,0.020506335
1990.07,-0.002128264,0.003872056
1990.08,-0.087000999,-0.020476112
1990.09,-0.051328466,-0.010187025
1990.1,-0.028986030,0.012562897
1990.11,0.027552538,0.027124919
1990.12,0.045886327,0.028094419
1991.01,-0.012750316,0.000073381
1991.02,0.114413550,0.021724537
1991.03,0.028918858,-0.012599496
1991.04,0.021080051,0.010035363
1991.05,-0.004731175,0.001693326
1991.06,0.000520925,-0.010366995
1991.07,0.006334494,0.006095630
1991.08,0.023792114,0.029252916
1991.09,-0.007381706,0.019444138
1991.1,0.000352474,0.013264105
1991.11,-0.002750977,0.011037578
1991.12,0.008613693,0.028891454
1992.01,0.072034040,0.008721141
1992.02,-0.009586306,-0.019484518
1992.03,-0.015089993,-0.012806687
1992.04,0.001205554,0.009026846
1992.05,0.019222254,0.011096853
1992.06,-0.016810159,0.011708353
1992.07,0.016950019,0.034019854
1992.08,0.006556256,0.020959197
1992.09,0.000946932,0.015056562
1992.1,-0.015307609,-0.010504173
1992.11,0.026121064,-0.015991193
1992.12,0.033441095,0.013647418
1993.01,-0.003482483,0.012991815
1993.02,0.013694540,0.026970523
1993.03,0.017951029,0.022551472
1993.04,-0.016155503,0.002936676
1993.05,0.005852745,-0.001624488
1993.06,0.007257286,0.009612026
1993.07,0.000610037,0.016253188
1993.08,0.014813540,0.011877867
1993.09,0.011454164,0.027178387
1993.1,0.008253490,0.002627601
1993.11,-0.000606885,-0.025691340
1993.12,0.008875399,0.000997704
1994.01,0.014583052,0.003564017
1994.02,-0.004155126,-0.015011795
1994.03,-0.017578932,-0.035552119
1994.04,-0.034767452,-0.030928020
1994.05,0.009905359,-0.009730327
1994.06,0.007673092,0.008249046
1994.07,-0.007864702,-0.010841283
1994.08,0.026675340,0.006251426
1994.09,0.005478969,-0.012003924
1994.1,-0.005089354,-0.013786809
1994.11,-0.005014938,-0.009928547
1994.12,-0.010243812,0.016964393
1995.01,0.020423699,0.004550982
1995.02,0.034062941,0.024064533
1995.03,0.022192984,0.021936585
1995.04,0.028770393,0.012619471
1995.05,0.031450905,0.035028985
1995.06,0.029762942,0.037536850
1995.07,0.035487160,-0.002962425
1995.08,0.002512167,-0.012683635
1995.09,0.035156032,0.024839401
1995.1,0.005852944,0.013773107
1995.11,0.024260263,0.013925211
1995.12,0.034574726,0.022235574
1996.01,-0.004198769,0.003422397
1996.02,0.055639438,-0.010534849
1996.03,-0.007121561,-0.034052069
1996.04,-0.001868641,-0.016067967
1996.05,0.021594710,-0.013071070
1996.06,0.012146751,-0.007196297
1996.07,-0.036593867,0.006701728
1996.08,0.028808470,0.020450619
1996.09,0.017020874,-0.011269487
1996.1,0.037916148,0.024303297
1996.11,0.048543191,0.027893040
1996.12,0.011991337,-0.002194112
1997.01,0.029336307,-0.018199990
1997.02,0.040347966,0.014011007
1997.03,-0.008715712,-0.016646803
1997.04,-0.035254892,-0.010003377
1997.05,0.092864139,0.019387958
1997.06,0.052057334,0.020374153
1997.07,0.056047049,0.024075906
1997.08,0.001610819,-0.002569645
1997.09,0.009414195,0.009390476
1997.1,0.013942813,0.016064251
1997.11,-0.010903409,0.016905275
1997.12,0.027623797,0.011419575
1998.01,0.000514368,0.023503096
1998.02,0.062054274,0.000477443
1998.03,0.051184140,-0.003268369
1998.04,0.032156222,0.003610317
1998.05,-0.004049761,0.002092097
1998.06,-0.000056343,0.014907257
1998.07,0.043401431,0.006406216
1998.08,-0.070843945,0.012532475
1998.09,-0.050142721,0.044905546
1998.1,0.010440233,0.023839389
1998.11,0.109745182,-0.019826631
1998.12,0.041677435,0.018924901
1999.01,0.047925232,-0.004090469
1999.02,-0.001876541,-0.019117991
1999.03,0.026121758,-0.016589158
1999.04,0.034973144,0.000949841
1999.05,-0.000988318,-0.023103374
1999.06,-0.006117671,-0.022361451
1999.07,0.042092807,0.010161917
1999.08,-0.040043470,-0.008774148
1999.09,-0.010712457,0.001651975
1999.1,-0.014484555,-0.010938740
1999.11,0.070424165,0.010451146
1999.12,0.028088306,-0.013393390
2000.01,-0.004146532,-0.025189153
2000.02,-0.030522758,0.009772500
2000.03,0.030911080,0.016226797
2000.04,0.013653411,0.024769993
2000.05,-0.029522154,-0.029059313
2000.06,0.026248068,0.025237964
2000.07,0.006162291,0.006469935
2000.08,0.009390511,0.021580323
2000.09,-0.015928424,0.001898434
2000.1,-0.053778046,0.007621933
2000.11,-0.008297183,0.005716325
2000.12,-0.032646719,0.042426937
2001.01,-0.001766854,0.004217643
2001.02,-0.025265528,0.004944872
2001.03,-0.092869418,0.018408551
2001.04,0.000505611,-0.019212485
2001.05,0.063975147,-0.019323269
2001.06,-0.025537770,0.011262229
2001.07,-0.023859182,0.010326456
2001.08,-0.020457240,0.025472307
2001.09,-0.116454247,0.018519369
2001.1,0.035324300,0.020113419
2001.11,0.052308009,-0.000850912
2001.12,0.018680088,-0.026489865
2002.01,-0.005229022,0.005860636
2002.02,-0.037332945,0.010396270
2002.03,0.043583034,-0.029880857
2002.04,-0.040503172,0.004195887
2002.05,-0.028195970,0.008216341
2002.06,-0.059724562,0.021743565
2002.07,-0.108582581,0.025179776
2002.08,0.008022322,0.031936531
2002.09,-0.049163196,0.033909680
2002.1,-0.015293894,-0.004164047
2002.11,0.066264543,-0.005688203
2002.12,-0.008154073,0.007229947
2003.01,-0.006613627,-0.002683321
2003.02,-0.071299355,0.007928633
2003.03,0.007034055,0.004637468
2003.04,0.055148258,-0.006953852
2003.05,0.054842279,0.037523345
2003.06,0.055889532,0.022106696
2003.07,0.004876775,-0.051444438
2003.08,-0.005437207,-0.037973693
2003.09,0.028281406,0.014940951
2003.1,0.021403116,0.003028408
2003.11,0.014870148,0.005486349
2003.12,0.031777727,0.007096946
2004.01,0.044266298,0.008375818
2004.02,0.005453062,0.003739768
2004.03,-0.021939949,0.017443012
2004.04,0.006473271,-0.041701006
2004.05,-0.031296266,-0.031299037
2004.06,0.025338058,-0.000029839
2004.07,-0.020825554,0.023932431
2004.08,-0.014382024,0.020963381
2004.09,0.025675516,0.013615591
2004.1,-0.004210843,0.000613604
2004.11,0.047197365,-0.004397602
2004.12,0.031059880,0.003935806
2005.01,-0.015543190,0.002227550
2005.02,0.010998975,0.001793385
2005.03,-0.010277855,-0.030466448
2005.04,-0.030592466,0.009833598
2005.05,0.014417972,0.020909666
2005.06,0.021298118,0.014373134
2005.07,0.013401126,-0.015812994
2005.08,-0.001995042,-0.008054570
2005.09,-0.009297191,-0.003764389
2005.1,-0.028180573,-0.019279426
2005.11,0.048050982,0.005413987
2005.12,0.025610415,0.013485582
2006.01,0.007004687,0.000110789
2006.02,-0.002167007,-0.010255894
2006.03,0.009286170,-0.013513424
2006.04,-0.000506712,-0.025445012
2006.05,-0.012751772,-0.010074903
2006.06,-0.028961818,0.002278524
2006.07,0.004245360,0.002847619
2006.08,0.020925407,0.018722566
2006.09,0.030379335,0.021728887
2006.1,0.041823706,0.008611065
2006.11,0.021550980,0.015787857
2006.12,0.019979672,0.005522485
2007.01,0.003875870,-0.014991832
2007.02,0.010565481,0.001769653
2007.03,-0.033527586,0.007504135
2007.04,0.035091899,-0.012905688
2007.05,0.027650752,-0.006897930
2007.06,0.001520593,-0.025128021
2007.07,0.006016964,0.012313692
2007.08,-0.040236169,0.032213003
2007.09,0.027930023,0.013070080
2007.1,0.027731729,0.000828049
2007.11,-0.053670406,0.028514824
2007.12,0.013076080,0.008203197
2008.01,-0.070959139,0.028095706
2008.02,-0.018478621,0.000211939
2008.03,-0.034622767,0.013569269
2008.04,0.036162577,-0.017142546
2008.05,0.017069724,-0.021613860
2008.06,-0.052010591,-0.024498182
2008.07,-0.065687900,0.005490853
2008.08,0.025200594,0.017262519
2008.09,-0.047154524,0.021242447
2008.1,-0.193802683,0.003312495
2008.11,-0.068220392,0.046619499
2008.12,0.006887060,0.112220600
2009.01,-0.015277259,-0.011054195
2009.02,-0.071677812,-0.032884458
2009.03,-0.059201132,0.004270519
2009.04,0.120359402,-0.009579047
2009.05,0.063471405,-0.030784081
2009.06,0.019876575,-0.041110047
2009.07,0.014334047,0.018066095
2009.08,0.078737838,-0.001772160
2009.09,0.035809062,0.018329795
2009.1,0.023006200,0.002708813
2009.11,0.020182453,0.001275550
2009.12,0.024024047,-0.011258322
2010.01,0.010104914,-0.011975021
2010.02,-0.029239263,0.006175264
2010.03,0.055084872,-0.004324992
2010.04,0.039077919,-0.008492619
2010.05,-0.059549753,0.038523361
2010.06,-0.034489588,0.022521056
2010.07,-0.001793446,0.018723890
2010.08,0.007253412,0.028032652
2010.09,0.033118463,0.006020895
2010.1,0.044483183,0.010583947
2010.11,0.024487207,-0.017363401
2010.12,0.035366949,-0.044136299
2011.01,0.029732739,-0.010383996
2011.02,0.026461941,-0.017858755
2011.03,-0.020659511,0.007446410
2011.04,0.015688751,-0.007740034
2011.05,0.001898216,0.022721341
2011.06,-0.035574246,0.018298491
2011.07,0.030122747,0.001612526
2011.08,-0.106452898,0.061589008
2011.09,-0.009376988,0.029144648
2011.1,0.032348045,-0.011481171
2011.11,0.018559204,0.015225769
2011.12,0.018086950,0.006857559
2012.01,0.043255610,-0.001841943
2012.02,0.037079502,-0.002749202
2012.03,0.021102446,-0.023603716
2012.04,-0.003373546,0.009518641
2012.05,-0.029751521,0.025601308
2012.06,-0.010052366,0.019474694
2012.07,0.030917699,0.011274185
2012.08,0.028180962,-0.017883775
2012.09,0.025660084,-0.006676841
2012.1,-0.001751158,-0.000907436
2012.11,-0.023717157,0.015411514
2012.12,0.024547591,-0.002315911
2013.01,0.039629908,-0.018621309
2013.02,0.015033203,-0.012791565
2013.03,0.024561611,0.000834468
2013.04,0.015614565,0.020881471
2013.05,0.043904637,-0.015617992
2013.06,-0.013525352,-0.033491121
2013.07,0.032157495,-0.022944331
2013.08,0.001339550,-0.012917321
2013.09,0.010767940,-0.004926202
2013.1,0.023821844,0.021549481
2013.11,0.040735091,-0.004466593
2013.12,0.015312931,-0.013145140
2014.01,0.005954729,0.002138681
2014.02,-0.004961021,0.011673311
2014.03,0.020668499,-0.005017719
2014.04,-0.001258225,-0.000160821
2014.05,0.011803647,0.011849044
2014.06,0.030061976,-0.003216042
2014.07,0.015370247,0.007814814
2014.08,-0.002587690,0.014381564
2014.09,0.017030672,-0.008368205
2014.1,-0.024000616,0.025060398
2014.11,0.062808692,0.004687372
2014.12,0.012090439,0.018393539
2015.01,-0.006406185,0.036553865
2015.02,0.023846134,-0.011722560
2015.03,-0.005347981,-0.009627067
2015.04,0.006749922,0.008664012
2015.05,0.004680282,-0.026491202
2015.06,-0.007818252,-0.015748789
2015.07,-0.000853102,0.005439649
2015.08,-0.022849847,0.016745889
2015.09,-0.043571543,0.003370337
2015.1,0.043653079,0.011221162
2015.11,0.031513968,-0.013057291
2015.12,-0.007626915,0.007101711
2016.01,-0.065734028,0.013615254
2016.02,-0.006309879,0.029056878
2016.03,0.059074049,-0.012707899
2016.04,0.023468238,0.004071736
2016.05,-0.007053145,-0.002527233
2016.06,0.007364149,0.013727957
2016.07,0.034656202,0.015903175
2016.08,0.011071340,-0.005172979
2016.09,-0.006767147,-0.007491659
2016.1,-0.006290090,-0.011695247
2016.11,0.013596900,-0.030952148
2016.12,0.039128106,-0.029261436
2017.01,0.008507448,0.001521055
2017.02,0.022555675,-0.000239501
2017.03,0.016674325,-0.004062841
2017.04,-0.004482423,0.015003722
2017.05,0.016065170,0.001061038
2017.06,0.016851623,0.010796873
2017.07,0.010586910,-0.008997567
2017.08,-0.000504137,0.008700516
2017.09,0.011189222,-0.002549522
2017.1,0.028006203,-0.011676423
2017.11,0.015879235,0.002826098
2017.12,0.029448145,-0.001863470
2018.01,0.042948421,-0.019078408
2018.02,-0.033240166,-0.026416426
2018.03,-0.001600737,0.001844787
2018.04,-0.020523055,-0.004178249
2018.05,0.015403595,-0.010815109
2018.06,0.019514897,0.006555024
2018.07,0.015752509,0.004079912
2018.08,0.023952624,0.001851762
2018.09,0.015630411,-0.008169426
2018.1,-0.040172152,-0.012007139
2018.11,-0.017456140,0.008558959
2018.12,-0.052584730,0.030942589
2019.01,0.015433218,0.010855881
2019.02,0.053847036,0.000638523
2019.03,0.013773161,0.006177310
2019.04,0.031780185,0.000349759
2019.05,-0.017398727,0.011417475
2019.06,0.013856651,0.032266655
2019.07,0.036552402,0.039329145
2019.08,-0.031284463,0.001409073
2019.09,0.030056233,-0.005804500
2019.1,-0.002173693,-0.001777009
2019.11,0.044906761,-0.007113957
2019.12,0.025635416,-0.002108539
2020.01,0.029481546,0.006737485
2020.02,-0.001504367,0.022607561
2020.03,-0.187397136,0.063399517
2020.04,0.050209877,0.027750274
2020.05,0.058854004,-0.000428675
2020.06,0.059287195,-0.010593800
2020.07,0.029549212,0.006096365
2020.08,0.055599334,-0.005499593
2020.09,-0.007658904,-0.003722019
2020.1,0.016833377,-0.010332653
2020.11,0.040171682,-0.006333012
2020.12,0.041615675,-0.005892703
2021.01,0.023593998,-0.017504448
2021.02,0.019330355,-0.021229751
2021.03,0.001117769,-0.037824869
2021.04,0.051573718,-0.009542766
2021.05,-0.000409949,-0.004781026
2021.06,0.008733965,0.001247806
2021.07,0.025756694,0.014964668
2021.08,0.019753742,0.002751779
2021.09,-0.003542672,-0.009963080
2021.1,-0.003748079,-0.026212471
2021.11,0.042333128,-0.001751721
2021.12,-0.000410419,0.006507736
2022.01,-0.028683398,-0.033280378
2022.02,-0.037804817,-0.022791195
2022.03,-0.021973983,-0.029217414
2022.04,-0.004362193,-0.057247049
2022.05,-0.088759418,-0.021409590
2022.06,-0.046773348,-0.031317435
2022.07,0.004774786,0.023399536
2022.08,0.064860544,0.002772048
2022.09,-0.074755371,-0.051459209
2022.1,-0.034815462,-0.038606384
2022.11,0.053927377,0.011733834
2022.12,0.003199646,0.028868303
,,
